id,Delta,I0_perc,R0
5002,26.931230959885138,0.0032387271153771933,3.5554364272323693
5003,26.450612603364096,0.003221326762488232,3.8849775046951827
5004,25.212491778338322,0.003591494236319256,3.575045182716821
5005,27.213662655286726,0.0032056379413768358,3.8967642102486413
5006,27.816099396241686,0.0040530723717090295,3.65148944224804
5007,27.4905368355253,0.003134688430876481,3.5795591841766243
5008,25.853291093279825,0.003673509870110817,3.5034983882513457
5009,26.38544979931638,0.002751361710962583,3.783266487913753
5010,27.308198552697895,0.002804394360884921,3.749958998874287
5011,27.794694447284915,0.004037611365853122,3.3183556679769106
5012,25.57710833503044,0.0039563877946109955,3.5619156998780164
5013,25.04770881582567,0.003429808661742962,3.5428414250286284
5014,27.739844100098036,0.0037403860580375124,3.3719317819192574
5015,26.961238934564307,0.004325118336995713,3.445894536518851
5016,26.510936948156903,0.002661884399731965,3.97831665920889
5017,27.97187088721748,0.0045025795619362905,3.0775042097066856
5018,24.853174941280102,0.00262662809669377,3.8719824126838307
5019,27.776620716835794,0.003618514431329698,3.3550764285101953
5020,27.537669082874306,0.004581117055794748,3.2569022761791517
5021,26.548922854436846,0.003283859516801204,3.544894420432978
5022,27.437692742596145,0.004113140547882863,3.4857491197017065
5023,25.440212238528527,0.0034012932090304966,3.5081337026305244
5024,27.678129506528997,0.0036603444945775745,3.565395797325364
5025,25.083054578391028,0.0030271542689400527,3.740091464727184
5026,25.50356043200125,0.003156416660663602,3.640381951661782
5027,26.903666666468563,0.002778062203729151,3.840764174028781
5028,25.69571990723076,0.002984549472786035,3.6462967489879077
5029,25.707486989176452,0.004064310279971528,3.4989080947024505
5030,26.2280267560106,0.0029726171590897946,3.6665014492819505
5031,25.539448045991932,0.00348035887088561,3.5000827342682928
5032,27.032114461611688,0.003675917176100969,3.602078635921568
5033,26.41307116950986,0.002874523423185932,3.8627275146119278
5034,26.24089066835666,0.003803894558739976,3.5611358981378842
5035,27.37555905259571,0.0028107449803404165,3.960994575488598
5036,27.91169030919447,0.0037508667216740307,3.7749202756031344
5037,25.119649567817625,0.0035148251678122264,3.4283527929315523
5038,27.148642143883396,0.0035999312614211202,3.3560534004291545
5039,27.589381527546774,0.004299047606618257,3.491133120303881
5040,27.107824199290345,0.0044995234334846285,3.2783846386338413
5041,25.490231634871048,0.00357833528213961,3.3655585730705844
5042,25.540707244630937,0.0029764242436773514,3.8742594897506706
5043,27.79556388189951,0.0034780981191224413,3.63954543330937
5044,26.27667613542828,0.004115761508364828,3.545617031403069
5045,24.070448924465744,0.0033156997029614695,3.629331345830464
5046,26.294740730938518,0.004209274200641116,3.4918740971849584
5047,26.306894752964666,0.0039742662680176555,3.5374168535451083
5048,25.45799677920013,0.0033444294196329585,3.688824073804013
5049,27.82160180608222,0.004689147838715911,3.453849578350051
5050,26.54402286961812,0.0032996738693676377,3.648503755076057
5051,24.965188378644697,0.003523786287203031,3.567753548869116
5052,25.11163532226623,0.003630266023389468,3.5657526634301657
5053,26.197254452878582,0.003146472912900887,3.7684111194299446
5054,27.655210768137728,0.004441147751548223,3.5540319741767963
5055,26.148724255258543,0.00432904233958669,3.4069970829524525
5056,24.999562775759713,0.00369516088544578,3.405097472862666
5057,27.947187878595436,0.0030209088507918242,3.911162117694991
5058,27.337946754361333,0.0024833191523435227,3.913707731057029
5059,24.918089325761247,0.0033156199029427667,3.7432865695608792
5060,26.45985323803232,0.004343970526847095,3.310612875642934
5061,26.418186754271904,0.004428911322396426,3.403366837070057
5062,26.507780779218844,0.0035485443381297432,3.607740967458063
5063,26.1281780056024,0.003241422278903071,3.5654785974563405
5064,25.471949216016526,0.0033540811618334664,3.476469350072788
5065,27.331503657653744,0.003934469452182148,3.2560978308077915
5066,26.26366525006938,0.0038961614835742544,3.3626388171937993
5067,25.917571993405655,0.004344991712157193,3.3065369941606044
5068,27.753445646979383,0.0038602198677299302,3.511473744821205
5069,26.34996907569243,0.004261851418453873,3.2567942811985815
5070,25.960100098142156,0.003056309265208985,3.8399527160619784
5071,27.2926333499322,0.0030994352077005883,3.4811165498835446
5072,26.94623331869886,0.0035377103695351715,3.732089179742633
5073,26.91741262393085,0.0037909163338662104,3.396970247457102
5074,25.482309723080277,0.0037812873440748736,3.481328394384134
5075,26.71046887246114,0.0031532928223598996,3.8927430730888375
5076,27.984294253802457,0.0031908586929219763,3.71027946916936
5077,27.730480065333904,0.0028576884013965403,3.7099727638869595
5078,26.806453414069143,0.003357889708584967,3.450366820934315
5079,26.821402269101934,0.002944075088115677,3.542950277954912
5080,25.82577749532192,0.0038553632942589042,3.6316792748128712
5081,27.457020644616062,0.0029760608711417716,3.9121971246272564
5082,26.420554162384157,0.003259405177986097,3.705595272227757
5083,27.466831140436746,0.004659854630402955,3.3633314276602064
5084,25.32046009157478,0.003865991044284936,3.4837544275794006
5085,25.77382690122755,0.0036853149839274485,3.562283527663377
5086,27.026219539479595,0.002578944547010865,3.9517600685431082
5087,25.11663013710394,0.002427520999201512,3.888818806284409
5088,25.96947786862127,0.002614986246089153,3.9124240574686837
5089,26.489108549802882,0.003604164056669068,3.4136230690317917
5090,26.771741561131336,0.002931574890825737,3.8530723219704583
5091,27.12266447078214,0.0036596167592536435,3.68198184259964
5092,26.365033767546894,0.004188984008670293,3.5706067311247485
5093,26.58361360264144,0.004160325991894191,3.5979696045040015
5094,25.300478823251904,0.0026095308295568786,3.8794301233371042
5095,26.95981765474134,0.004306702171606359,3.5579935378465897
5096,27.150320324564984,0.003295992610663574,3.409947282886466
5097,24.387920782069635,0.0033840825784728673,3.6121294543238944
5098,25.853926891150497,0.0033772984863928543,3.755210089514678
5099,26.212666178196567,0.003380969963610258,3.491646081711753
5100,26.35202103980853,0.0029932424579719535,3.869335101261304
5101,25.46313564043004,0.003720648712510654,3.427730986072699
5102,25.68303122929641,0.004569087187756717,3.2930410123435268
5103,24.614036708699807,0.0024379273298856226,3.9641689329006726
5104,25.13248942709344,0.004136458260193243,3.3132308587499053
5105,25.30320554068194,0.003198967031668186,3.6503172220006097
5106,27.035924571962404,0.003672312729259467,3.605339899388565
5107,27.641303342682157,0.0031109811888608693,3.6148823095886673
5108,27.41521477498284,0.004049026568575688,3.2094593236764424
5109,27.434549109025287,0.0036322618903112153,3.465611846820687
5110,27.666675116724704,0.003342862761833793,3.693605291065193
5111,25.72232125711897,0.003796860228906996,3.5737658737504208
5112,26.775325330694702,0.004204210525331988,3.480823213297483
5113,27.49323803455121,0.0038885899819315925,3.5705747315459706
5114,25.272566622232947,0.003503274191175648,3.4334349688327914
5115,26.530391038180337,0.0033855877064071674,3.4301057719068946
5116,26.20898510756984,0.002846270087847696,3.7855043416677807
5117,27.861668978750046,0.003908434991503504,3.333652044933265
5118,26.173453465143805,0.0023960695577909343,3.9633693487418142
5119,27.217359529879996,0.004585847795196549,3.431603069854393
5120,27.51382075380823,0.0032058406113894145,3.586886329738088
5121,27.956676617784527,0.004281849365507917,3.321945947444296
5122,26.26188461393907,0.003155932454198632,3.8132284583675258
5123,26.344139162639316,0.0034832880043254117,3.760209102181583
5124,24.649828486348753,0.003242276440610786,3.773744901490959
5125,26.367538120250593,0.0038743140073032173,3.535358800698832
5126,26.941239121717132,0.0026219582529723733,3.9086380010114263
5127,26.121993728748265,0.004335267539388484,3.269214126065171
5128,27.171984095070584,0.003558721733348583,3.819378856442662
5129,26.01394546807057,0.0025914324781187645,3.832360693689181
5130,25.179856952445924,0.0034222098321939616,3.6762957933149822
5131,24.825870627664493,0.003261489396538135,3.674490658275295
5132,24.84353438525735,0.0034641643963937646,3.59300717919222
5133,27.981482385138474,0.0038357625641413117,3.584855642445306
5134,27.162007592117856,0.003570367964648742,3.518875077312618
5135,27.663715910266138,0.003213122082998369,3.5324114839492506
5136,26.035350680730076,0.003192459151977486,3.5082288914512203
5137,25.14822374262274,0.0036073239245711175,3.5276666989092877
5138,26.728639509286683,0.004448557919544868,3.1751737265709865
5139,24.622998324273688,0.0032259177076905043,3.742382177650509
5140,27.54114786280266,0.00228937782062661,3.9751312739922007
5141,26.920049276537988,0.004760784810484865,3.3377538234548068
5142,25.00407668536735,0.003312135007502048,3.7750010548158395
5143,25.59842092691289,0.004631262567501281,3.198762478068541
5144,27.14399699601549,0.002408943540625857,3.8789738051357983
5145,27.827426397163453,0.004474893218759846,3.3130441500511187
5146,26.198554048649722,0.004702179125020483,3.313716609306441
5147,26.520081991659065,0.003936225020411937,3.430599403530979
5148,26.61266740468776,0.003945703387015663,3.6649077830029424
5149,26.357058904436144,0.003483520269599191,3.6747804804574593
5150,26.663353100660785,0.002844449645337121,3.59415460442158
5151,27.003731482385998,0.0032594873570501873,3.8029673628507585
5152,27.701375621710937,0.004010823591513252,3.674812874360362
5153,25.428245040450054,0.0026777238261544325,3.807745463722897
5154,26.25019498527319,0.004403377790278821,3.2459780021149975
5155,25.279905470529528,0.00358210194996723,3.396829556517992
5156,27.204747518870956,0.004228245211101346,3.318144232634908
5157,27.77958725996929,0.0035696764156719005,3.5516524750393357
5158,25.1235083049133,0.004513040376806646,3.240530368659206
5159,25.369493929478075,0.0039705449977911885,3.367402955168612
5160,27.597567414680682,0.0030821737817052506,3.696467888705198
5161,25.55056200196826,0.002767790932223864,3.811351684747564
5162,26.835587043569774,0.0038072421812184168,3.445463486138033
5163,26.159318962488314,0.004194408357900142,3.377181761704133
5164,27.581184175811526,0.0044902278111397095,3.294252467291889
5165,27.333404565108072,0.00326607873258199,3.5333639956690797
5166,27.243338082881145,0.0032845982005482266,3.6991297287676144
5167,25.2708101716924,0.004460678260923467,3.3084279769488507
5168,26.671141090076603,0.002752373921631617,3.9769594479571477
5169,24.4141638842989,0.003150377212936655,3.6924409428980294
5170,25.667430716665894,0.003203686076842892,3.65227287375558
5171,27.9245417907137,0.0034881079395109524,3.3918875889927977
5172,25.615845186609125,0.003092386024194989,3.7455077341630565
5173,27.448245888535354,0.0028616032080117045,3.9250954275922667
5174,26.370807887835316,0.004607915553444112,3.298627417177348
5175,24.979688930487566,0.002842415081898722,3.679234038029524
5176,25.328099731131093,0.0037832497045167416,3.4555387944064355
5177,27.701513899981418,0.0026963420097994677,3.9626619477758926
5178,27.721004801987377,0.002894645137670988,3.6498892180890534
5179,25.181152441518623,0.0037781001014149684,3.5198749057283334
5180,27.266908170613927,0.004913111929574064,3.3134567802504393
5181,27.37575003550385,0.003804322646157941,3.286881550446252
5182,24.9492589597543,0.0024223777235091977,3.9976674187728123
5183,27.213038631932957,0.00257802817475021,3.8842757794444887
5184,27.164560016500676,0.00332565493835705,3.8398026152621227
5185,25.669907973750586,0.0034855328002622358,3.6932899090818925
5186,25.138910492910753,0.004158335660404546,3.3419985954123015
5187,26.116282702250484,0.003953301188467373,3.5420200657958927
5188,25.190834719508114,0.0032347419194366385,3.514927336147789
5189,27.38043318963811,0.003266891684903087,3.854585330196273
5190,26.791090519730474,0.0032207635458854516,3.846633584488593
5191,26.456407951873388,0.003378094296026138,3.8686433668545215
5192,27.248341801980164,0.0030468240925932504,3.6618253618780505
5193,26.44571007644286,0.0035724326815503643,3.7277203161283285
5194,26.57683580102962,0.003927111584950153,3.282308148548177
5195,27.07364746379114,0.004246990042740763,3.428496515599316
5196,27.51719009383774,0.0024687741725672925,3.8043512549074463
5197,26.77214354391303,0.002618401263179681,3.8819644884614792
5198,27.22048332561653,0.004351748466144755,3.4555650739995447
5199,26.633354057699165,0.0035474179593893798,3.3638114007071636
5200,26.922796259023993,0.002727239915046452,3.672456481762943
5201,27.38580747556758,0.0028787716654069435,3.5631184454273157
5202,25.18373869997599,0.00418264572873398,3.4409108005462197
5203,25.849995203254963,0.00297249675400535,3.7470344535509157
5204,27.50610659684531,0.004732482976677251,3.3739746919076543
5205,26.524624578503804,0.004010707772909236,3.2770180720099322
5206,27.058147802284473,0.004490240464304748,3.3080987871342225
5207,27.194503911854394,0.0038380358205719538,3.6592607376003814
5208,25.78699292902082,0.002828812929601153,3.662169928197423
5209,27.782976950239647,0.003043081034565461,3.602375858043314
5210,25.39535365443204,0.0030383750822637655,3.6556901173424845
5211,24.377109570083846,0.0026416753819567393,3.881160574511249
5212,27.742948044573506,0.004364660646020908,3.461738255914088
5213,27.539022020006602,0.0037106931442947846,3.4094892296901214
5214,27.686786956713473,0.0033776450599450262,3.592435859155909
5215,25.26334974868491,0.0026664862827291544,3.7192817806242724
5216,27.512002167069486,0.004227963977436457,3.4419994425169436
5217,25.53532569726402,0.00484602412009834,3.2241934667756373
5218,27.375118830760478,0.0030985066104440634,3.910209908998757
5219,26.96202284676418,0.0034971346502570065,3.681877721968605
5220,27.405086219778298,0.00411056046803591,3.5199842764127935
5221,26.14856649794205,0.0030703413874872947,3.6340588118627886
5222,26.093158963467587,0.0024077453915435157,3.931122347012699
5223,25.410663083861262,0.003250778977499954,3.7022241043258344
5224,25.776790566867994,0.0028046629382204877,3.8633415164212113
5225,26.072089133063656,0.00370500197300682,3.4420673804033046
5226,25.79148423283771,0.0032569009462039156,3.701429561893508
5227,26.141408382886276,0.003764198997360733,3.4898202977746435
5228,26.597010816620013,0.0045610315364698365,3.3639464660754865
5229,26.515293883146725,0.004558960732584614,3.110513726034852
5230,26.737582677313004,0.0025571101532670783,3.7374160033480113
5231,26.03362054409733,0.0029781493317215316,3.9765645776888956
5232,27.044011526320084,0.0038885898752635873,3.4170984623605047
5233,26.725399774306073,0.004382026589537324,3.507628547467185
5234,27.097559083864947,0.0037366360052722585,3.481750651685693
5235,26.07389712840817,0.0028700023241838906,3.7400109060936977
5236,25.185164329497045,0.0028150679918065094,3.738567228086859
5237,26.051623346190354,0.0037431477174821163,3.5782552984776106
5238,25.656631274726884,0.0031310632302141298,3.600230213292204
5239,27.812656932744286,0.0025072947274420642,3.9728319563784398
5240,26.17516943752619,0.003242975061312255,3.7092161970338626
5241,27.749076744766175,0.003106414779306019,3.4879393957958804
5242,26.553298020617913,0.0027381482794645697,3.65329036797855
5243,24.820004957365484,0.003309180329422285,3.600150413717864
5244,26.74561051643765,0.003625625579878998,3.361079050863988
5245,27.249636486015085,0.003895579877700557,3.440048401159299
5246,27.480182058619405,0.00263635429225826,3.7096753772937534
5247,25.030877833112463,0.003588895287406528,3.3990992877836597
5248,24.86500537728921,0.0033678944872008944,3.6520393727991514
5249,26.69814108914194,0.004275386471156189,3.2186592069413016
5250,27.49271092137813,0.0025315582168324905,3.7492727940017323
5251,25.788494291036816,0.00397234646103232,3.5729811101103333
5252,26.218711212549938,0.0035063168375750963,3.6018917566756423
5253,26.530869402493142,0.0042574034242287865,3.3473666590757327
5254,27.655631050251372,0.00466166763946394,3.3479708317511454
5255,26.163051443364168,0.003566682732213315,3.4572279645194515
5256,25.958887783239426,0.004562204121102613,3.224349638225472
5257,26.824016579325086,0.0036789595772458855,3.4721011489144202
5258,26.901029035052556,0.0035702025416420877,3.725703803117681
5259,26.394442996477167,0.0027644241384190563,3.7361302463013035
5260,27.076296879253434,0.004638087210042414,3.313920481523639
5261,27.852342302894755,0.003640737739173425,3.8010304175186067
5262,26.99322770600298,0.0026999023648869923,3.677770367389091
5263,27.54351354084112,0.0026746860353508623,3.784512069597693
5264,25.51094605369393,0.003462656040223514,3.4802888729519994
5265,26.548310583961488,0.004684898844322999,3.331480203438867
5266,24.566059590250564,0.003257541241507339,3.5248694326842687
5267,26.878871596537827,0.004380885483006739,3.416530237784678
5268,25.458821050598782,0.0024878636449648314,3.809483224615494
5269,25.623774859337075,0.004575659410617126,3.2486289020263333
5270,26.95698366697727,0.0025094966385170512,3.855641880257082
5271,25.81384601465445,0.003601445693898551,3.367464460933073
5272,25.113791313671378,0.0026077003890158943,3.9031178576962358
5273,27.798339565206344,0.0038556522726012417,3.731854091840476
5274,27.294155506261745,0.0028512113175282253,3.7985847911080506
5275,26.655118117705232,0.0036612629354025325,3.3282913594509975
5276,27.836657799605963,0.002884808304658232,3.5731978573398084
5277,27.81855291858263,0.0032312281404727173,3.493299323381849
5278,26.619361455244388,0.0029260466918100583,3.60810457607082
5279,25.300328530403714,0.0031380563703696795,3.7739769972699864
5280,27.594214873715437,0.0031874154317511915,3.7326892811524375
5281,24.25841408846212,0.0029201372487514367,3.6859121289287624
5282,26.772162027527738,0.003028269253626309,3.8590228260697566
5283,25.72167065202343,0.0035881281864179214,3.4453893553064536
5284,24.933569465605835,0.0031008030215264014,3.708459590281785
5285,26.043319601935853,0.004159606666079168,3.5734939264725063
5286,24.05885828674312,0.003316196381479291,3.6552077773569893
5287,24.251710219319463,0.0034966022805330305,3.6185544445077418
5288,25.332457012847005,0.00291809361631931,3.7604632919452774
5289,24.059898132988728,0.002926542640022564,3.704338287071769
5290,25.780056547196683,0.00339240878255158,3.655614800981123
5291,26.461207603346015,0.002459664764955203,3.924568031799321
5292,27.8265358457169,0.003845833776431616,3.4736685825330786
5293,25.88920996383604,0.003827356129270472,3.47031900413278
5294,27.802601276114185,0.004005302667161604,3.375549171051352
5295,26.58429925679941,0.0038111951000963594,3.643457737964433
5296,26.801795609098438,0.0037725031602146237,3.541572908340258
5297,25.27170131744343,0.0026638071685515788,3.7783811021736433
5298,25.98737972879722,0.002744721796000144,3.8461750808134836
5299,27.3361744859905,0.002930778109743195,3.7034053153352517
5300,26.60447588385498,0.0034312318615556344,3.6178800487234812
5301,26.027357822379273,0.003213160881428384,3.669387466137583
5302,27.59195683850186,0.0034924260805634776,3.3355249695499176
5303,26.82881109221583,0.0034726679552705333,3.4069397777571524
5304,26.247797075501076,0.004372604042884617,3.354450671285171
5305,26.70101310309147,0.0047865964307859075,3.1835637548009825
5306,27.373260361974086,0.0035630351925819196,3.5610764667890824
5307,27.94996874890233,0.0025961121463873612,3.9226243433495807
5308,27.344730357386762,0.003605533986209243,3.6891460379774066
5309,27.705697968197732,0.00434046501443872,3.462553156537712
5310,27.668335668746067,0.0031554166278965944,3.695677506707422
5311,27.430635540084925,0.003596788574738667,3.7378101483396917
5312,27.14570227568132,0.003531217118885462,3.4574257317411914
5313,27.247822844930468,0.004967287322182197,3.153606578364882
5314,26.240573628181775,0.0031544442246770636,3.854292519884241
5315,26.986526271793565,0.003207041755586941,3.914328775644005
5316,24.623158818138002,0.0038001091328167826,3.536890607970619
5317,26.30177176209102,0.0036722412651854866,3.385571575361065
5318,26.786765815352286,0.0032138202328143056,3.9178041003259403
5319,26.8764638227028,0.0029301218039756863,3.6847852063228745
5320,27.152238602300216,0.0034597090165033656,3.8226815827746607
5321,25.01351973582118,0.003994600441435524,3.485608346220646
5322,27.178633398618256,0.003940408308751937,3.5275409317667346
5323,25.01623891862075,0.003328154007298246,3.484234589145911
5324,24.980147815976657,0.002868516778532194,3.853988958252648
5325,26.63864649741305,0.002490122493764597,3.9187865811965295
5326,25.541047546648507,0.003975865610766435,3.4840737693415917
5327,27.601648584297465,0.004742794027090322,3.3341247667651355
5328,26.963843703336284,0.0029315786865818936,3.566555536803143
5329,26.99150054762098,0.002826310873983732,3.643158933148047
5330,26.36073355357056,0.004527757341039739,3.2181885722245704
5331,24.929061699406965,0.0041081395335099006,3.396434498220598
5332,27.089998918966266,0.003007999485285774,3.621999129344862
5333,27.05737461275598,0.002521914066148839,3.8382104201752787
5334,27.278050740837518,0.003462684367304706,3.735569052013512
5335,27.041464653831376,0.003596072482646678,3.5906951028985885
5336,25.13205590194408,0.004197004847958594,3.392397077362638
5337,24.900538680314796,0.0028019016506927005,3.7692106147765543
5338,26.362814726988468,0.004205937280643531,3.245262838609636
5339,26.898667181657995,0.003028943170067541,3.76463319557491
5340,26.16530896880161,0.003893003160883867,3.60068611546509
5341,27.71196089540501,0.0041311013304246936,3.2378177728375697
5342,25.770084801595075,0.0028854009459133283,3.822475941149341
5343,26.30575295890209,0.004213896745104696,3.4058363029561636
5344,27.255968930735197,0.003493783706105332,3.6026562287950687
5345,24.45825654752124,0.0031868352280668426,3.6576356112637702
5346,26.38042129845444,0.004760282411114613,3.3638842952732038
5347,26.30719135485038,0.0031222628851813113,3.634652274820353
5348,27.508568147750328,0.0024735101193265577,3.951333436729639
5349,27.956646331039053,0.0047313826632879,3.3196414658720257
5350,26.97156188307245,0.0036779937535014445,3.35922758030565
5351,26.486782590207657,0.003155091865671573,3.8431836003098527
5352,25.649373997818405,0.0033260991547830548,3.69695055330166
5353,27.756530164856585,0.0029432291667439115,3.6935589967413827
5354,27.414899132376778,0.0038563494566089583,3.6135636084852982
5355,27.77664831227856,0.003359233582392259,3.637014777322036
5356,26.41049210115914,0.0038793290697772104,3.3655308314090133
5357,27.43006611591925,0.003526103795399214,3.6909182016103226
5358,27.878234175826705,0.0029498744035880253,3.6049904132423305
5359,26.79184513772544,0.003879475299903507,3.3614740746490814
5360,26.280045496145256,0.002943239333178565,3.5811783018286873
5361,25.035226502605795,0.003373196984372974,3.7136931110686944
5362,25.76567921443436,0.0035333991421700054,3.48420644954608
5363,26.581819172301692,0.0034388141349132938,3.8457175585129106
5364,27.16323690459814,0.002899023193878104,3.85496819593768
5365,26.304358989045497,0.00414528539279478,3.3446963254939828
5366,27.07232799931703,0.0031385210298430955,3.907068366393308
5367,27.534587068836963,0.003633656255756089,3.6293954069892145
5368,24.829856108215097,0.003950600388251888,3.380506290741408
5369,25.508257982939647,0.0032232258162701775,3.597056175365254
5370,27.882025563857937,0.0037091051745529124,3.437113717334233
5371,26.484190093377762,0.0034995986479979388,3.771164456309534
5372,25.985498896489098,0.004467101234467831,3.2140081997267584
5373,26.436844652322726,0.0033821167130070853,3.5689768634040933
5374,26.701283977803566,0.003923799518733004,3.6061407224142132
5375,26.054501646676716,0.0025712489204458818,3.9453921314212326
5376,27.096491786794292,0.002650586881921874,3.8954637277613147
5377,26.864830897537708,0.002898127138998128,3.8487153718505
5378,27.379480400409015,0.0025223831557709547,3.917067173799278
5379,25.995516236018755,0.0033451563161486595,3.6362149942152735
5380,25.900349176685758,0.0034895436104556816,3.54013260897513
5381,27.350117123774247,0.004072958279292304,3.3761711793788916
5382,23.67819859418544,0.0027146550963306603,3.79684388974207
5383,25.701769720645412,0.004413790030461573,3.1865551491316446
5384,26.61274092882242,0.004062944340121634,3.541602769905072
5385,26.606322916702442,0.004495559075988824,3.2481542364137064
5386,24.962444653094074,0.0040371666847714115,3.4250915363963044
5387,26.662502261064194,0.0030944726240250096,3.5090119712178143
5388,27.638708614137162,0.0042439031896207985,3.3363920481954015
5389,27.836971661365368,0.004570996837190123,3.320301518143755
5390,27.454965963589324,0.003487982413933919,3.597969600118147
5391,27.064171486141724,0.0028058143050970013,3.602761548083832
5392,26.939495615052607,0.0041412483460784525,3.5814708187069493
5393,27.41120342632634,0.003648778229144011,3.3040454969077424
5394,27.603438174425477,0.002737448840484169,3.66239028785964
5395,27.627312114165186,0.002874280471229388,3.7919472738515063
5396,26.401194540958087,0.0039121746088367024,3.633561326145134
5397,26.673258633128548,0.0036805564523278446,3.645846030373819
5398,27.834675650048794,0.002820454995755206,3.764649129289552
5399,26.781632163944405,0.002829334377945181,3.6026022685610646
5400,26.24887153013729,0.002522292210121947,3.781760858882765
5401,25.383973904521493,0.0031347017247886832,3.674729164047128
5402,27.935531069168608,0.0042079753671968225,3.1713115741350246
5403,25.488565631168928,0.0026362229947897112,3.8214879386908174
5404,24.954425094555948,0.0032514709145617642,3.5158623260601036
5405,27.22070538162832,0.0029829127607677746,3.641153605842345
5406,27.050985052851782,0.002861860936505262,3.951671262172069
5407,27.48545789012434,0.003672221005801365,3.6866344893922887
5408,24.476311274652986,0.002688859223926921,3.767671374239766
5409,24.9446047899651,0.003355960114947212,3.5957584854557956
5410,27.750681334171148,0.003976031223427035,3.432142760340491
5411,25.800577851766256,0.002665280132063688,3.8556486600916804
5412,27.332023141101253,0.0032602181685422757,3.6146774333754617
5413,26.782744359768238,0.0038380377229105043,3.502431780893695
5414,27.453453238755614,0.002442999337978106,3.8789305324189782
5415,25.143122255420078,0.0028435135511576267,3.652341119255754
5416,25.8611708086465,0.003716210739521403,3.3846125849489876
5417,26.69868849282864,0.0028024462581933683,3.7072823325593123
5418,27.0516651615538,0.004170980008732255,3.4832257942223803
5419,26.536699221173325,0.0036857100627380205,3.5968888053872505
5420,27.54550459440905,0.0026766092168814693,3.8855577039163505
5421,27.090565130696614,0.003039143159092523,3.744305613624886
5422,26.598525820138768,0.004115053110289156,3.32940432136903
5423,27.14269787107972,0.00409670598477596,3.5084603218256616
5424,26.27881540115413,0.003796092434127003,3.4549692615005774
5425,27.754541174072337,0.004369293062043667,3.5664669275689462
5426,26.489500736220908,0.004661934022626457,3.3765314910514874
5427,27.40511874694609,0.004260872404718139,3.5138336120024225
5428,25.868820922887352,0.0024570187690940467,3.9222984810115022
5429,27.55826603825744,0.002932090425685777,3.8210866594343025
5430,26.19882173917947,0.0036058261074292676,3.6341395158186764
5431,27.073229259668942,0.003430650988058533,3.6672637323808104
5432,26.937989281813074,0.0028458938742240646,3.6290316528141093
5433,24.839146243148456,0.002736823218032844,3.921233643183161
5434,25.416444933430835,0.0030366167750888262,3.671090589765122
5435,27.1202903463766,0.003033098576205381,3.520432127727464
5436,25.455078103856852,0.0029482174036722505,3.715853944945622
5437,26.9658906259887,0.003911507676914901,3.284889376606436
5438,26.517170986856016,0.0030814930046907467,3.652417680150758
5439,26.993026731336386,0.0043038341852540875,3.163421228261202
5440,25.09795093902855,0.003336361577735497,3.6763907939022853
5441,26.150326081074752,0.004243367003685502,3.5137456200943418
5442,26.558707557330077,0.0041878195397788975,3.5849498522122922
5443,26.554932788602304,0.003312573174743281,3.4583992256742353
5444,27.828240052769637,0.0029019344852377845,3.896049421791273
5445,26.26285062056583,0.0031337131716853905,3.876018746276659
5446,26.963570907403597,0.0029493766310106037,3.5849888220617996
5447,27.255259693933183,0.003465494534939128,3.5982580109438578
5448,26.602530015553725,0.004647630280616409,3.1742031529445893
5449,26.540745860757045,0.0035084470996991366,3.4694999615554654
5450,26.283626357408572,0.0039140928573338524,3.2924346404969693
5451,25.212398274983368,0.003391410832858591,3.543505576685799
5452,26.731571979218465,0.0030008182093471435,3.7141187064724446
5453,27.342226364348427,0.0030860642776283816,3.9333457498590834
5454,27.750574585926348,0.0022807060806163152,3.9279093584000924
5455,25.65507176721977,0.003544263808998194,3.443663053090588
5456,27.7297010488309,0.0031156850799280112,3.5246369415519583
5457,26.5785505080632,0.00396736192025171,3.6559230532698064
5458,26.657343664204554,0.002824946961582474,3.798360500604207
5459,27.200255018846647,0.003834153676008203,3.647242596684318
5460,27.953385463980293,0.002745958581179106,3.9351448868224335
5461,26.260599855321203,0.003147257115326897,3.7887722811100186
5462,26.22470255591027,0.0033695600152954196,3.4997974255417406
5463,26.48300324654442,0.0032715726767724544,3.8345897123037886
5464,24.7934202719402,0.0038229010002925885,3.4856852477470777
5465,25.639518980776884,0.003296712956383557,3.734555976885927
5466,26.829134334605147,0.003121494810569064,3.624072161468665
5467,25.51573471742095,0.0029204242629533067,3.6986341645912484
5468,27.893678667784418,0.0027992043860707197,3.9554595958053724
5469,27.104546348447975,0.0026910075086270654,3.949383155779518
5470,24.495678572799857,0.0030451138404591124,3.7196776229045643
5471,24.57191560529021,0.0026601822385972558,3.8779849924771597
5472,25.973567675941233,0.0033073495722191065,3.8466846547171074
5473,25.932244513769337,0.003074118977339926,3.6150737386108136
5474,27.177686339862518,0.004220786632978065,3.384173706368159
5475,25.32067186094264,0.003334295078241959,3.7533262800337193
5476,26.232861674312392,0.004001227427440656,3.3613071702233426
5477,27.49514225957527,0.003966795676334309,3.4251223199456025
5478,24.877586592136684,0.0027124460644195394,3.8234445251125244
5479,26.031055671190884,0.00337281662573006,3.622589479670646
5480,26.467374451249427,0.002662195675762087,3.732583426521116
5481,27.939213523332295,0.004231702507763646,3.3226603101085823
5482,25.73283634248224,0.0041241555805363464,3.394428040587254
5483,27.694833401574133,0.0030126994158170177,3.5934587098514945
5484,27.67547730844731,0.003639279357732659,3.4275636903061772
5485,24.548009369478816,0.003622650137677652,3.4714986821864975
5486,27.117101933831464,0.0035314001560843456,3.609640998387224
5487,27.394280663749832,0.0025083669647644594,3.9059173173681576
5488,24.950922005358755,0.0029944559994455645,3.664951941529899
5489,24.57556252374109,0.0030346191892163723,3.5959093411367196
5490,27.69982027109539,0.004352168240925248,3.261920651338416
5491,26.365734913956953,0.0028194792315468617,3.7111704983249747
5492,27.32814255099384,0.00413442314016305,3.3644189504122424
5493,26.380252032825858,0.0038410129052960837,3.2640942845336025
5494,27.20593995902167,0.0043183036197237635,3.5642832490497636
5495,25.19804091700716,0.0036578751858626505,3.597147336454104
5496,27.17719914598466,0.003680150820918068,3.4263047844712946
5497,26.678071130827163,0.002919996258226404,3.5747296633594905
5498,27.560509540171836,0.004051832483945567,3.2450129723771384
5499,27.35961015317236,0.003217041106660833,3.440484378584388
5500,27.42682855437948,0.003461765617382233,3.6489601704967263
5501,27.61821764856458,0.004148312395334061,3.482053081334796
5502,27.34102348314457,0.002980355117192322,3.8193601455570914
5503,25.699876102683444,0.003172501510078202,3.6553257667085024
5504,25.681060455588113,0.003499002725345204,3.7035394169757403
5505,24.869520423011814,0.0032892954814557236,3.541805626165763
5506,26.88897467325757,0.0032040274151254253,3.443155424558031
5507,27.475117447814426,0.0034808399046359797,3.4361583440192236
5508,27.82240053032121,0.003639764482431128,3.3408370824745615
5509,25.61503889857711,0.0028985945919664906,3.931309312803455
5510,25.293928122141942,0.0037557238388642184,3.42242486422192
5511,26.94583108168896,0.0030628973373656187,3.5848851505559076
5512,27.09626783746341,0.0035070593462185207,3.504833104966047
5513,25.692745348148904,0.0035954688857653505,3.548165531720927
5514,27.444119181944266,0.004746768348871251,3.360444542837352
5515,27.789803399259938,0.002749669289745977,3.6351792887542373
5516,26.146471028706216,0.003272478598924039,3.5956319983943485
5517,26.259180559324953,0.0045691972613444605,3.4147479255573554
5518,24.667148118811177,0.0034903257836848556,3.5776688840180397
5519,25.12800222602038,0.003385404806524549,3.5944095382033683
5520,25.58177514008642,0.004292512823565882,3.4194586276014496
5521,25.74714955378031,0.0033983511692006357,3.460799652676459
5522,25.513782895218068,0.0035851730218450202,3.370216492681518
5523,26.336183586140226,0.003891453737682086,3.627700126226924
5524,26.69253236074098,0.003589194682590075,3.7968044551219458
5525,25.47742537006047,0.0037798402746837723,3.5040262484669324
5526,27.393989412469335,0.003561150875236022,3.4617105721967185
5527,27.773206527881456,0.0037463886391150038,3.263366693940039
5528,25.999268917587454,0.0030300524706473888,3.673093806581632
5529,26.523665061020235,0.0036423851895124107,3.5179601718351483
5530,27.20485467774713,0.0045745149038939085,3.147894516558006
5531,26.272518101798614,0.004180394854362962,3.268962033413373
5532,24.84664504880674,0.00286571725758787,3.7265927147809697
5533,25.523844463601364,0.0029736399352368542,3.5630414682526497
5534,25.06688977970295,0.002865146635812226,3.8308319176660075
5535,25.898307661399354,0.0033636292125618127,3.470761266342418
5536,26.409953066217618,0.002972318222214116,3.9355750494814488
5537,27.249662850929525,0.004795465901844588,3.40448548992619
5538,25.5580229123298,0.003038671426106431,3.906531874016087
5539,26.575242045917292,0.0025384163663830996,3.777034647474081
5540,26.438132116433177,0.0032155603764295725,3.561255036339626
5541,25.797038664440063,0.0028154126134616085,3.90275617828134
5542,27.2421714517159,0.004149926956866829,3.1984950109069326
5543,26.853255374570146,0.003429302867652772,3.598144120139254
5544,27.446818452593376,0.00305564350219492,3.70757976906744
5545,27.80204160409772,0.0032977999174181962,3.751757826133385
5546,27.229910220101765,0.004609582480369298,3.403012459984277
5547,27.208101056676604,0.004757506072776161,3.369043603132264
5548,26.469570793347533,0.004799308804213947,3.2360224075102115
5549,26.837265992107977,0.003460085337053299,3.754864463749987
5550,27.01720952294582,0.0036478015296648337,3.3579974060502717
5551,24.843542690651965,0.0032109653881766094,3.6198137689862597
5552,27.849194099119977,0.004048143851040836,3.53162649445433
5553,27.142757031181866,0.003933156521262988,3.4507366753206763
5554,25.844564671936784,0.0030901449013857095,3.5124381718825877
5555,24.716063587893714,0.0032972108356591296,3.6561326127375247
5556,25.65170516033723,0.004025049321901574,3.4819974780067584
5557,26.732895336721054,0.003099325916461039,3.6692842079502612
5558,26.051083849219303,0.003721196470931882,3.7354332557168117
5559,26.752517575068072,0.00424926449373848,3.494185917662378
5560,26.703522732912003,0.003733412343704851,3.3461882424427483
5561,26.460773008415828,0.002726954105521176,3.782530470603315
5562,27.425856326059506,0.0029786473573340556,3.891243230730591
5563,25.55106456197612,0.0031536002047494226,3.839424702742853
5564,27.641976513209897,0.0030575821781706897,3.8704102070995643
5565,26.142557669734064,0.003630066222111596,3.760134879468536
5566,26.736308940063275,0.0034589581077685205,3.598962553600492
5567,25.429760731435838,0.003398626429848881,3.456884865383012
5568,27.769234436790246,0.0044079547043904405,3.34191209852612
5569,25.866384474229573,0.0037378965464838995,3.388335307472474
5570,24.701271716170645,0.0027699016872450005,3.7757985336216824
5571,23.67832723937927,0.0025365897506596713,3.881629613118018
5572,26.954769094316134,0.004161032664581426,3.276251036666274
5573,26.52383480609198,0.003166154144093687,3.479377465835398
5574,27.494572448812235,0.003317177123997089,3.4356547146412586
5575,25.544434559001235,0.0045995924586413476,3.293217127271796
5576,25.384732661241674,0.0032393033174683743,3.824790477105289
5577,26.141357767571872,0.00365399728101437,3.482199581038501
5578,25.562603131482266,0.0026759995099481302,3.947578690098609
5579,26.693494946082684,0.004004107648372047,3.5762805735444245
5580,25.89328254636861,0.003729473824965132,3.4876610715316274
5581,24.470664160935044,0.0035210495694202658,3.511894174997942
5582,27.648308091187655,0.003753877287565114,3.6997631699697315
5583,25.594086299493547,0.0036705028981724856,3.4416132055971533
5584,27.276099992861234,0.003986582444963323,3.4567737075366067
5585,26.955294969868678,0.003530853806260876,3.682875643974015
5586,27.656572306458468,0.0037366004869755975,3.6208713524872977
5587,26.317351739151036,0.004489227919422693,3.4067237637923156
5588,26.163159122278852,0.004371037358502938,3.1619135462361756
5589,27.387524627377193,0.0039775966008654415,3.275134627618315
5590,27.239357513441806,0.003166085915005079,3.975837178181677
5591,26.16050978675179,0.0038465865093103837,3.4988655270393494
5592,26.40919725189624,0.002689256467324346,3.834062580855695
5593,27.710263291006463,0.00315588552833327,3.956564053652508
5594,25.462872499631267,0.0031223885563174776,3.770936583610136
5595,26.18771635698095,0.003759480699216822,3.603331882076507
5596,26.53897872763052,0.003878327759289319,3.561715806913825
5597,27.15561769237705,0.0039394603558237295,3.3709459162467708
5598,26.879645165939188,0.0034205242115700383,3.4358856917850025
5599,27.098903726522757,0.0036051296407015564,3.7688862137873524
5600,26.57875584769068,0.003703433495037363,3.6975105095342284
5601,25.39899875448982,0.0037124215452221314,3.4197491397409134
5602,25.10039439562919,0.0034580876191444058,3.415249628602288
5603,27.004231589007023,0.0035180935618857856,3.737167307427976
5604,25.22055441607544,0.0027080241073468183,3.7297407549901185
5605,24.808564371242426,0.003871265700399349,3.4043182075985423
5606,26.595019188722276,0.0028985842771537813,3.6733046158457046
5607,26.284810393750362,0.0025606009587214778,3.776325929378421
5608,26.457811265873005,0.004509319020241102,3.1996697395185802
5609,27.16429775111582,0.0036287401542271797,3.6916690987238274
5610,26.80759595635387,0.0031025329780002063,3.6518974602024863
5611,26.01582338829886,0.0028172563685484125,3.6923206370466364
5612,27.660539665668615,0.003088976669747924,3.937812804424275
5613,27.770362226602877,0.003725979733380138,3.6967898246193323
5614,27.955811941172126,0.004172475455375237,3.5532486776230288
5615,24.884904846548338,0.003223856289948938,3.802903743268551
5616,26.5934236189879,0.0036043103806154067,3.632287542755376
5617,24.68473658864231,0.002680753744208937,3.8217970509561763
5618,24.816532902100132,0.002505481752053222,3.90393801368336
5619,27.46796073058186,0.004305221736484159,3.329381823998637
5620,25.69055112097236,0.0035598424581264926,3.59382456494061
5621,27.109993575873446,0.004487510432670677,3.4566445487562647
5622,25.057858388727713,0.0029460257841288167,3.6541166864843344
5623,26.559501081275727,0.00453056279900564,3.406903652270481
5624,25.83282389515107,0.003815835925466755,3.4961865760869375
5625,26.2524585987058,0.0025703596929830055,3.818470359707272
5626,26.53904888369645,0.0032364397449059315,3.64412679413224
5627,27.72902442780946,0.004351479322119222,3.1897903220759214
5628,26.68844194437935,0.003326100900080219,3.605338313308339
5629,25.68269470564275,0.004391850841901759,3.374016159763558
5630,24.567389266141273,0.003640066443791128,3.495117993958021
5631,27.246929385507382,0.0032215921441504708,3.675339135616857
5632,24.444793060743606,0.0034566552037863145,3.5354888295040436
5633,25.872812792139936,0.003505842659779438,3.710357534969646
5634,25.130944784689298,0.003764271909243277,3.5557142962978086
5635,27.308276696037137,0.0024935405989681436,3.8932652552782807
5636,26.805034341085037,0.003462179910203085,3.504738972892702
5637,24.79707496622072,0.0035326928444254775,3.6468446672022
5638,25.90611601797879,0.003762385169260979,3.3797199200317998
5639,24.839975511874542,0.003512534439055706,3.489929063856526
5640,24.86406325676669,0.0024981150483839843,3.8532790872798097
5641,27.644395966970826,0.004216656323210282,3.552311276291271
5642,26.478462449578576,0.002304899521518638,3.928357238993895
5643,27.8363373897439,0.0038831315654256847,3.609292692037842
5644,25.64950746452014,0.0033373153530814157,3.620179682931097
5645,26.050537979564798,0.0035073809864406757,3.5597218540276145
5646,27.74686129144607,0.0037909914091417913,3.6177959782732985
5647,26.7950379705637,0.0035821047427563035,3.5917062583535304
5648,26.71138349840506,0.003793583262508203,3.3755699174399347
5649,26.326864851560977,0.003136873863235926,3.591267554329927
5650,27.350239720454233,0.002458700120262729,3.8877482147953515
5651,25.055667988974005,0.0027835620725842744,3.8190427104112277
5652,26.80491580167925,0.0032125049375999882,3.835326771388554
5653,27.413727627487958,0.002991372980154509,3.7138525750681257
5654,26.382618384701622,0.004806280592344495,3.3990711871437904
5655,27.468044585703424,0.0033961592529905345,3.550080234725816
5656,26.37611903491506,0.004409611342867216,3.2053900905586303
5657,27.821538086549726,0.0036031122639508958,3.5322779109857505
5658,26.067833254199407,0.0037381869416017264,3.51203224206928
5659,27.109237035005666,0.004645503696985843,3.3355012184281465
5660,27.392408970031028,0.004163757394970778,3.4934507254954017
5661,27.333749756462446,0.0029131659239559813,3.610018186614003
5662,27.220469453070187,0.00438021624342304,3.3536027394831796
5663,26.439100451038218,0.0033312538306037283,3.7813937583528676
5664,25.628593556682098,0.003579291411988255,3.5542189906494834
5665,26.12886527931117,0.0033710070699546177,3.599501397949815
5666,25.5277585403894,0.0032553609663798747,3.5654978678851337
5667,27.342870579996152,0.00392540663169218,3.5208388558590027
5668,26.184370745122933,0.002707614972835055,3.7527303543378694
5669,26.9680337558684,0.00315160229537398,3.608448934214153
5670,27.43110102238898,0.004215846771337061,3.582855269354461
5671,26.075838405024513,0.0032376455582362853,3.536186107279555
5672,26.24307845769361,0.004185694687936695,3.217243637492016
5673,26.50439814766236,0.0038655897341901215,3.3931959759766097
5674,26.313107550317692,0.0047634809536664605,3.344009643139469
5675,27.255079323689294,0.003984013533531195,3.421846561206751
5676,25.93328468956743,0.004023328529175315,3.388111624586933
5677,26.464296815864483,0.004137458309513154,3.2508723527900347
5678,26.717625992211513,0.003111497410926158,3.803334430871653
5679,27.241649009387643,0.002300053846397189,3.91912371498123
5680,27.659702295236276,0.004341249127182499,3.378164388877545
5681,27.240900580294294,0.00425650361213641,3.443412103909294
5682,27.837376337644958,0.0025680017111620723,3.786506582877224
5683,26.456224645233384,0.003638691593607985,3.666108789672325
5684,27.759966309818235,0.0030206963983376244,3.852289456183005
5685,27.049822746601144,0.003181874429070925,3.910804402293184
5686,25.82722750919529,0.003947886706473494,3.4340375020748164
5687,27.423953420501736,0.002925956728732025,3.6867825058566295
5688,26.83256778293961,0.004256384861662153,3.382274099061049
5689,26.031059101215547,0.0034827956708202703,3.729941745144637
5690,25.143679568079065,0.00325119364454752,3.535546961954949
5691,27.35355959334321,0.004956246647049276,3.1590310057472184
5692,25.77917323740486,0.0035266044988219165,3.4199379024753713
5693,26.990867453541494,0.004804095513223353,3.337787991750461
5694,26.248482103993616,0.00310682193052348,3.582689488881154
5695,26.75715775415678,0.0035573098960061094,3.5223716850257833
5696,26.584488193503,0.0034885317673554314,3.483731273665831
5697,26.065729386804627,0.0029674439064265178,3.930163161938674
5698,26.488720370324653,0.0027556263517915826,3.644732322509145
5699,27.084716447933477,0.0029209517289927986,3.5619163480578218
5700,25.745365726116187,0.004685776315535247,3.1418687805509546
5701,27.64909171489912,0.0039572138357548275,3.49808984148351
5702,27.630534881399203,0.00464987340013419,3.2763343502262137
5703,25.0758289955259,0.0027738416576004303,3.967443579748116
5704,27.10158757133823,0.004055304616469878,3.5090730431338426
5705,26.17982761338591,0.003016865936894437,3.570954620230617
5706,25.54094474363008,0.00407027327842864,3.471387669514182
5707,27.87056562259227,0.0038436189969990545,3.4733382940943365
5708,25.933021917063662,0.0039805738270682145,3.369070482895446
5709,27.062129831271626,0.0040700127398959965,3.3178839118121033
5710,27.59400300739003,0.003318025383427768,3.4763795098377255
5711,26.48163952660842,0.003547810349271984,3.5919407767868266
5712,27.209948622205705,0.004720534119883002,3.072119730755632
5713,26.54700182173616,0.004851407285451055,3.1155491776433752
5714,26.836697544013976,0.0036451975071704447,3.659412474400911
5715,27.390516244204388,0.004128931205671867,3.4293278055823264
5716,25.78344481881035,0.0032251115371843024,3.493104456645978
5717,25.866852336490712,0.00329241440778352,3.4440313979126826
5718,27.29324260433411,0.003926375509679645,3.5634338462074684
5719,26.18143970279412,0.004760717007608796,3.3295524943259633
5720,27.943473408801,0.0028358426962017957,3.827725029424324
5721,27.427643510883335,0.0038477435010194523,3.3244743264647028
5722,27.086840725883036,0.0038299154234383717,3.6150013089271527
5723,27.04582653532185,0.004188999065566105,3.5836507072461172
5724,26.777653778205234,0.0033160737601114426,3.818825179647006
5725,27.786238793391462,0.004152404036958877,3.5278467314088457
5726,26.763185604945466,0.0029432557455800145,3.5709681389262644
5727,24.80343271267768,0.0036108075817718292,3.497652405047942
5728,25.624417311317544,0.003764787902666895,3.5023023559707624
5729,24.20596886112496,0.003275687571411635,3.6311918445383564
5730,27.003515560034415,0.002911675302331403,3.7858113042538544
5731,25.408875620718444,0.0029506237021270478,3.7027052121526864
5732,25.927311541849715,0.002929682735950602,3.700059525361729
5733,25.120130078639267,0.003674891680522461,3.5378771114378846
5734,24.93086827142524,0.002698171451380881,3.7927456145667646
5735,25.61545376356454,0.0033021065762572723,3.454541160756147
5736,25.721774395242324,0.003982864780031337,3.3524136667205915
5737,27.424738736726162,0.004328111600609085,3.1603295583956923
5738,27.826214377146663,0.003312471920703767,3.8010425709824855
5739,25.490507803908358,0.0047695690707471655,3.2272277015556874
5740,25.094753161726448,0.0025236475260679075,3.802661991607327
5741,27.73660692496444,0.00398349927201821,3.5914642375817842
5742,25.84747542987458,0.003006951741220582,3.567462442261276
5743,27.99161877862257,0.0038592474772005227,3.5402637598167517
5744,26.812817226594483,0.0029307800793996306,3.6083714717336726
5745,27.549441595482712,0.003962570562468858,3.56574954720261
5746,27.50727505108277,0.003798312612390904,3.5324187705357497
5747,27.860853935726244,0.00490670878757422,3.380280951602119
5748,25.75832048404247,0.00461925854895655,3.313533475834789
5749,26.616239527367828,0.003872081876127707,3.674940883378223
5750,26.91740624551401,0.003883260715536583,3.663964926632287
5751,26.021108628628607,0.004503103681529717,3.385329880962721
5752,24.11699849535511,0.0029689626019560873,3.6716004081529796
5753,27.25300010148562,0.004192183646767949,3.5263949271424058
5754,27.884557933577696,0.0027381196021421354,3.805329935146967
5755,26.980680079457688,0.003852346035880883,3.5279126305900395
5756,25.888263296254475,0.004401204535375674,3.3729328263992775
5757,27.530750465137505,0.003888661822950697,3.4529203852291803
5758,26.549253004193957,0.0023788046026839114,3.8712324392426964
5759,26.76806849546644,0.0034023868422674197,3.482596699369979
5760,27.08449548185784,0.002694502615025519,3.8474836566463364
5761,25.960363058966934,0.0031688906622344506,3.5629945781206045
5762,24.183562724219104,0.0027738239201059154,3.728238794377885
5763,27.123732863008335,0.0031936808336362568,3.8924711381857264
5764,24.880508628209764,0.0025864163883189007,3.7678029539369557
5765,26.830960655226974,0.0027486454086909683,3.6772503054013472
5766,27.85528827433092,0.0024352998664106656,3.9812552567599075
5767,27.2929870305368,0.00445256639790854,3.220402904366014
5768,26.596040877144816,0.003214152461739492,3.6126947502129876
5769,25.22418804955275,0.0038356779370884793,3.5929376151347805
5770,25.966489295792957,0.003323069081547821,3.6950556803381307
5771,25.286743830878642,0.003355146907612861,3.534996867493699
5772,25.872444495159293,0.004474347141780144,3.391346262820484
5773,26.808032004944103,0.004894911052303296,3.3037506117529323
5774,26.56667482721773,0.0033495649575960417,3.76536940813281
5775,27.056474796297255,0.004203091165283383,3.4245161706742433
5776,26.088348856402007,0.0034283579848848884,3.6370908843486482
5777,26.67129580397444,0.0034808036905909128,3.7812881596308254
5778,25.273644175002264,0.002506830694170874,3.969016844640855
5779,25.68991159395114,0.003351312562909976,3.7888737328961164
5780,25.452566912694987,0.004254763096560447,3.4028498674413394
5781,26.76005019610568,0.004571087382817325,3.327577329779705
5782,27.11697371679039,0.004193477282257457,3.5854367524134245
5783,26.31211712406493,0.003933441179592092,3.3664294452117325
5784,26.185552989435052,0.0034140946896948224,3.579345804336566
5785,27.502189944670516,0.003942870217948277,3.5060268255367
5786,26.70864240580285,0.0040574013264571855,3.5416097892357192
5787,25.916585666442682,0.003006426551788337,3.901904178793289
5788,25.72300067834156,0.003889580160944007,3.4984847999643973
5789,26.766600331732178,0.003833172158379993,3.3563538906868313
5790,25.266947018003016,0.00327535015940675,3.5275172125922043
5791,27.50578258461107,0.0039483790545069815,3.3610254158095505
5792,25.520424970227396,0.003985536815948504,3.5842738955994315
5793,26.733143763441724,0.0034765780077500954,3.5544777149800972
5794,26.330692973485284,0.003931938145901134,3.477101814787615
5795,27.58431417990587,0.004072141476506213,3.5067750687782686
5796,24.94536625253132,0.004093144504394428,3.3545587635842784
5797,25.60699213543263,0.003296687504831037,3.7687822698387663
5798,27.397203227784143,0.003091419609567436,3.9192859810962455
5799,26.077465045729397,0.0029914399604771265,3.5917889282963116
5800,25.84490713935196,0.0030792083855893052,3.5784494916163503
5801,25.437720824270666,0.003927879457813623,3.5971598157741744
5802,27.762203981432425,0.003068232185055092,3.81373416183093
5803,26.90335510312089,0.003100394016742444,3.957642450940752
5804,24.093756880095746,0.0029436720382424028,3.6736975440058584
5805,26.83540357857371,0.003499074073464964,3.7284640860923792
5806,26.72939758210984,0.0033498243173599633,3.7513266630945568
5807,27.281596427958885,0.0033988019935394112,3.600498001981609
5808,26.13970941266573,0.004271693353667553,3.346926044568394
5809,27.170015757785603,0.0036001585397741225,3.3416695543508808
5810,27.324864076946444,0.002610165123178902,3.930467854938992
5811,26.38753628025148,0.00463649907306381,3.190215261394576
5812,26.68934552551366,0.003632713638670542,3.505107302640857
5813,27.503025949570077,0.003010967184073205,3.6466663814179494
5814,27.666773621924758,0.00420617233231503,3.4899046135732354
5815,26.692958502626592,0.002794020204877868,3.9053619544405818
5816,25.38809763338101,0.0038771198867900733,3.4579101656865405
5817,27.199292414469898,0.004121581444563202,3.536274938122601
5818,26.964767351415567,0.003084495481195118,3.831523608917281
5819,26.041818464610323,0.002938922935916988,3.8155650771510805
5820,26.787360396103896,0.003832975784941907,3.5442458084967567
5821,26.219202806309983,0.003779231296975008,3.6016097370393125
5822,25.672140131888487,0.0033618120953899855,3.6320951081634485
5823,27.292026355263843,0.0031815573544678255,3.833276541111015
5824,27.112248540057582,0.0037143105864825836,3.544922071541078
5825,27.22868710704762,0.0036509790661428173,3.4344966753529698
5826,26.16338097303381,0.003846417860329698,3.3810928392934896
5827,26.003368510647256,0.004372525873407829,3.2848530812028027
5828,25.82530168600387,0.00443327635318318,3.415494748614238
5829,27.10506179758032,0.004061652220616737,3.310002469093053
5830,27.038570082281318,0.004028750605596797,3.4965322266018344
5831,27.516599952115524,0.0031345141140613074,3.518024414049063
5832,27.685426804518432,0.0031958548563956616,3.8238868887684103
5833,26.491535459580128,0.00395317624199319,3.4335018584319785
5834,26.669018775356335,0.004694106385568031,3.299393208243112
5835,27.832819463791477,0.0032241706311153936,3.6828076170317066
5836,25.46039454610412,0.0032099757532505655,3.5456533662815337
5837,27.231453872208963,0.003370715363857887,3.768420151583921
5838,27.035993240014864,0.003734966427207275,3.4417339694521885
5839,27.669978577202063,0.003398551337695513,3.4232368919809586
5840,27.10415801985313,0.003562597615975354,3.5505055431562025
5841,26.487587107029892,0.003995393293407462,3.510012497030774
5842,27.790586786478297,0.003008456149931493,3.733932298786598
5843,26.05134881979953,0.0038709308404983865,3.340203069297244
5844,26.52461447428983,0.002949078438704096,3.628996595840798
5845,26.24280704304768,0.0035597372370955783,3.4211238127825645
5846,24.378425723298868,0.00331570075860393,3.6040997836475617
5847,24.993345888811945,0.0032544898666869867,3.522476997399675
5848,25.21307535462639,0.0027929956054577876,3.9134550045906575
5849,24.28049254063386,0.002689439429971938,3.7879183035246307
5850,25.91392237773972,0.0038114916476328807,3.4495157372512324
5851,27.585261836151517,0.0029513482894134714,3.640647558864988
5852,27.489875012733638,0.0033677230541072274,3.8186283894618183
5853,25.630783219928045,0.0027261221015264007,3.7346283765982826
5854,26.36705874601696,0.003243134175804472,3.875385587906857
5855,26.338375406577274,0.003561076179178274,3.3481343839425217
5856,25.349548176645662,0.003736910015305458,3.5465138472760045
5857,27.245291632169174,0.0026739252279940895,3.68290649830998
5858,26.914500841272314,0.0036065123512828735,3.3432443139009367
5859,26.536894721642437,0.0045708487042332765,3.1234018394398895
5860,27.740562694206385,0.003231198399236995,3.8290514781222265
5861,27.82111289686445,0.0038020844669833962,3.534875399053472
5862,27.43562575740112,0.004512160029797471,3.4447610412126606
5863,25.16588437718521,0.0037943895362992624,3.505142643753524
5864,26.96122087574562,0.0038322753328334357,3.505679051337637
5865,25.20052142891194,0.0029042725415364045,3.856094232647855
5866,24.81575238704009,0.002396023176212916,3.9130743511190826
5867,27.86727565536525,0.004415322440583105,3.481557495844804
5868,25.11828686007473,0.004201798355771912,3.2605215842423303
5869,24.85828781160596,0.002846712629494907,3.6932458291489416
5870,27.7809835167142,0.003383559174713984,3.646118282829875
5871,27.24675059375564,0.00298032301062678,3.8218646350973007
5872,25.958783787650418,0.0037382319322848898,3.633960552617156
5873,27.940068874222924,0.0026724431358234003,3.7579740990493655
5874,25.381905308992394,0.003498737472998117,3.6250979551274787
5875,26.330900079369666,0.003956755000877716,3.5296912112655767
5876,27.174644958929203,0.0038445424413636655,3.3723123635116607
5877,27.35020466326937,0.003204827731869493,3.7725197934003347
5878,27.620025473227283,0.004687640450375369,3.4996860641326295
5879,26.650550351811862,0.004973775375025791,3.2338825386411334
5880,24.790489965171354,0.0029421456749338954,3.7309477988570015
5881,24.92427665726194,0.0031419307094122466,3.6722955892712363
5882,26.409936329776222,0.0038913380933377887,3.4863431642070726
5883,26.401649985434492,0.002565910562725467,3.9458933507104716
5884,26.876625492861773,0.003828416196754282,3.6435955017275496
5885,26.17470497635971,0.0045530466378664826,3.2025243472580747
5886,26.145529039875896,0.002831140158989897,3.660954347978348
5887,25.286468603452626,0.003258573276592832,3.717791288294932
5888,26.349045320690916,0.004155284404951551,3.3738429963408194
5889,27.9535892176948,0.0029480251290120215,3.5726580257565947
5890,27.82411565322886,0.0033000835930091467,3.6670300698755725
5891,27.391868968732005,0.0041912155233202525,3.217997458076714
5892,25.833912621783345,0.002744551465819859,3.749260888367138
5893,26.185012173464443,0.003548461175541522,3.7653788082591593
5894,27.911238276562123,0.0028966230830949633,3.8897460114017446
5895,27.970847832569667,0.004681471462689794,3.417555818926829
5896,26.72510132522044,0.004473149181371332,3.1602493017587556
5897,27.460150364687845,0.003953499938353001,3.5909243144040865
5898,27.719309744460418,0.0037761661897635006,3.4725140393077814
5899,27.67213034486356,0.003383129013339299,3.6983068784157274
5900,26.740272243438472,0.003669405756176052,3.6356180633347503
5901,25.66873816647015,0.0029844512040687787,3.5712626842122535
5902,27.874478192681323,0.0028343220706623104,3.8876091573524776
5903,26.724439131370936,0.003396954008872136,3.815645806784453
5904,25.93358716819567,0.0040824707085419356,3.5261871921201253
5905,26.79900682733724,0.002728373084100149,3.7755357459494574
5906,26.896301443397967,0.0031782526536899783,3.7696971390375396
5907,26.258839005030197,0.003366744120283206,3.4404077000977287
5908,26.47108642663916,0.003517917345511419,3.466507372764476
5909,24.489337635211434,0.002595778261270391,3.889616162579594
5910,27.714673426346273,0.004125078079906032,3.464705303297957
5911,27.612233046505107,0.0029961518827255973,3.666598774168902
5912,27.63731645089514,0.003434296760582973,3.7974191062230114
5913,26.06875777809166,0.00331019907624924,3.796365626602549
5914,24.696437660007668,0.003001807795713084,3.580189552178765
5915,26.397438603635237,0.002379846614314774,3.8888435545917406
5916,27.672815898587913,0.003466194136575867,3.5216545620429764
5917,26.30715171931361,0.003751070669931685,3.6099817224640827
5918,26.846184546471736,0.0031824606313923115,3.644049075313015
5919,27.048114957880557,0.0028414518478884422,3.9744144307802705
5920,25.50098148723045,0.0038296451240183893,3.6006511269470494
5921,26.077917271817295,0.004301340600679562,3.3307167302819067
5922,27.940268657734872,0.003797770197098561,3.6717118762770666
5923,27.514116881723155,0.0028532721137815346,3.8784024095283143
5924,27.04439279589509,0.0038932592458577504,3.4960404177026247
5925,26.681632573094543,0.002443342968595602,3.9716727698129115
5926,24.981071201710474,0.0037110376365978603,3.596097241913724
5927,25.60964421226986,0.004009036755880624,3.539387917694248
5928,27.932601980362236,0.004640586164516569,3.305918976540768
5929,27.43507689111925,0.003642526321678568,3.586507648298012
5930,26.713533667581917,0.0027533735290035106,3.7416001306727824
5931,26.714629161142472,0.0030416609096178583,3.8104432195556424
5932,26.89689740563089,0.004271291423727981,3.4430122892946105
5933,27.526788139001145,0.0028166583179038626,3.632076320299765
5934,26.404577897554276,0.0038569199973401474,3.3878158180636353
5935,25.19026526427548,0.00317449336231731,3.6992306059681295
5936,26.408851015735767,0.0034681932899096267,3.784628597246033
5937,27.262782126750707,0.0036933629604079003,3.7519325489874378
5938,25.744791150581232,0.0040642057050275255,3.2679467096559884
5939,27.546268732322133,0.002856587785960022,3.853466533026254
5940,24.80411399611981,0.003165928607827411,3.787960820234739
5941,25.225147135422958,0.0031075421508913906,3.5288645600785844
5942,25.65186889032186,0.0025473721254385237,3.9545172585157986
5943,27.173908051967206,0.004308899757679278,3.462353296262517
5944,25.104638527868104,0.0024868903328135817,3.8768627101857023
5945,26.53541734082602,0.003577704405284004,3.6899508656746223
5946,26.06686479577911,0.00481657924325574,3.2104856347426995
5947,27.068559242296462,0.00404082186749811,3.436485750901034
5948,26.384174600363274,0.004177411392785142,3.446337196365088
5949,24.235372424716996,0.003448896456376317,3.5425623994559263
5950,27.23944006342845,0.0035335277911355345,3.4153960143718733
5951,27.656085854513154,0.004235302474504485,3.3788345655873875
5952,25.95012139260326,0.004248013021452283,3.517105752431923
5953,26.101054033986554,0.003748967446509124,3.5668413168939486
5954,27.336200394563768,0.003297699443393333,3.780425172930388
5955,26.646026588480456,0.0026647495025185356,3.7316986804762755
5956,27.933549063153063,0.004358782973160207,3.5124821921045553
5957,27.613886491347444,0.0032047217991137515,3.7385416534035576
5958,25.720335806198946,0.0034457772591475347,3.421717861426245
5959,25.592434571361558,0.004616589124105276,3.277609578439108
5960,27.24820249874535,0.004313483563599775,3.2209084583561034
5961,26.570781539003576,0.0025047113704859134,3.9062919853237865
5962,25.19214267705193,0.002786196907956867,3.7236736885429043
5963,27.922255999135093,0.004093178737649786,3.6167289341534157
5964,27.584612157675398,0.0035339079015479784,3.796604951535148
5965,26.601262149400135,0.002862377665597009,3.594514142060275
5966,25.71837097988824,0.0034598806531360733,3.589880091752993
5967,27.83021577185199,0.002466368128246409,3.7575818821629268
5968,25.831281509467843,0.0044938930553859524,3.350298409604116
5969,25.758824412307142,0.0045407102746828736,3.4085654438788278
5970,26.015402071977814,0.003271753269142947,3.7022247733012414
5971,26.540203551545414,0.00316154394588441,3.6019142653705356
5972,26.112988785161722,0.004052277173842499,3.5324534947666875
5973,26.86877971581121,0.0033399768931240497,3.5797297815699274
5974,27.20353106116155,0.0033652089982256534,3.825505908226859
5975,27.46309822545574,0.00461992748043481,3.202872175385477
5976,26.474308688294673,0.0030668370151945186,3.5841731456745403
5977,25.71481721182885,0.003860687838689092,3.5463411705928674
5978,24.78166079904386,0.0037751457889920207,3.373763192610526
5979,27.104876574441946,0.003692269077246084,3.354141569871011
5980,27.70896749119478,0.004489652962127124,3.143621702292932
5981,27.186958821006076,0.004314625137169296,3.373954263074214
5982,27.152378547463712,0.004166942517839852,3.2400119158994745
5983,25.52782199264618,0.003991603401212808,3.3290947920986502
5984,26.59737392453435,0.0028043179334967085,3.789969117941896
5985,26.102864385348116,0.004555272993682791,3.34576916382501
5986,25.20704756305668,0.0036597149610539804,3.704893986857513
5987,27.599386833237965,0.004820492194357374,3.3643351411967704
5988,25.032353987230223,0.0037992180590517783,3.5683256887933648
5989,27.555057835519484,0.004367062708718316,3.238022684378389
5990,25.514035203912325,0.004268885303943604,3.341725999705105
5991,27.639817336053298,0.00465652835795678,3.36725376940047
5992,26.927851898035726,0.004045534898685821,3.302061438655258
5993,27.951900428486585,0.003088572045305179,3.53749194958857
5994,26.704508419192923,0.0032709587053418817,3.6025690559084937
5995,26.46095430466522,0.002817324703274323,3.8922016359453613
5996,25.169126284380138,0.002862440875424523,3.8431539292801693
5997,25.885925882276766,0.003019480971251318,3.62477086138911
5998,25.269890265964744,0.0025120020133315903,3.9482712004843386
5999,27.290102141279764,0.0035851799068114163,3.6622514845879484
6000,27.00050871202194,0.002817122057573389,3.7983108347914696
6001,25.432414074839325,0.0038271811056423124,3.5014377451206222
