0.01,0.02,0.03,0.04,0.05,0.06,0.07,0.08,0.09,0.1,0.11,0.12,0.13,0.14,0.15,0.16,0.17,0.18,0.19,0.2,0.21,0.22,0.23,0.24,0.25,0.26,0.27,0.28,0.29,0.3,0.31,0.32,0.33,0.34,0.35,0.36,0.37,0.38,0.39,0.4,0.41,0.42,0.43,0.44,0.45,0.46,0.47,0.48,0.49,0.5,0.51,0.52,0.53,0.54,0.55,0.56,0.57,0.58,0.59,0.6,0.61,0.62,0.63,0.64,0.65,0.66,0.67,0.68,0.69,0.7,0.71,0.72,0.73,0.74,0.75,0.76,0.77,0.78,0.79,0.8,0.81,0.82,0.83,0.84,0.85,0.86,0.87,0.88,0.89,0.9,0.91,0.92,0.93,0.94,0.95,0.96,0.97,0.98,0.99,0.025,0.975,min,max,date,data
0.0,0.0,0.0,0.0,0.0,0.0,0.0,0.0,0.0,0.0,0.0,0.0,0.0,0.0,0.0,0.0,0.0,0.0,0.0,0.0,0.0,0.0,0.0,0.0,0.0,0.0,0.0,0.0,0.0,0.0,0.0,0.0,0.0,0.0,0.0,0.0,0.0,0.0,0.0,0.0,0.0,0.0,0.0,0.0,0.0,0.0,0.0,0.0,0.0,0.0,0.0,0.0,0.0,0.0,0.0,0.0,0.0,0.0,0.0,0.0,0.0,0.0,0.0,0.0,0.0,0.0,0.0,0.0,0.0,0.0,0.0,0.0,0.0,0.0,0.0,0.0,0.0,0.0,0.0,0.0,0.0,0.0,0.0,0.0,0.0,0.0,0.0,0.0,0.0,0.0,0.0,0.0,0.0,0.0,0.0,0.0,0.0,0.0,0.0,0.0,0.0,0.0,0.0,2.0,2.0
0.0,0.0,0.0,0.0,0.0,0.0,0.0,0.0,0.0,0.0,0.0,0.0,0.0,0.0,0.0,0.0,0.0,0.0,0.0,0.0,0.0,0.0,0.0,0.0,0.0,0.0,0.0,0.0,0.0,0.0,0.0,0.0,0.0,0.0,0.0,0.0,0.0,0.0,0.0,0.0,0.0,0.0,0.0,0.0,0.0,0.0,0.0,0.0,0.0,0.0,0.0,0.0,0.0,0.0,0.0,0.0,0.0,0.0,0.0,0.0,0.0,0.0,0.0,0.0,0.0,0.0,0.0,0.0,0.0,0.0,0.0,0.0,0.0,0.0,0.0,0.0,0.0,0.0,0.0,0.0,0.0,0.0,0.0,0.0,0.0,0.0,0.0,0.0,0.0,0.0,0.0,0.0,0.0,0.0,0.0,0.0,0.0,0.0,0.0,0.0,0.0,0.0,0.0,5.0,5.0
1.0,2.0,2.0,2.0,2.0,3.0,3.0,3.0,3.0,3.0,3.0,3.0,3.0,4.0,4.0,4.0,4.0,4.0,4.0,4.0,4.0,4.0,4.0,4.0,4.0,5.0,5.0,5.0,5.0,5.0,5.0,5.0,5.0,5.0,5.0,5.0,5.0,5.0,6.0,6.0,6.0,6.0,6.0,6.0,6.0,6.0,6.0,6.0,6.0,6.0,6.0,6.0,6.0,6.0,7.0,7.0,7.0,7.0,7.0,7.0,7.0,7.0,7.0,7.0,7.0,7.0,7.0,8.0,8.0,8.0,8.0,8.0,8.0,8.0,8.0,8.0,8.0,8.0,8.0,9.0,9.0,9.0,9.0,9.0,9.0,9.0,9.0,10.0,10.0,10.0,10.0,10.0,11.0,11.0,11.0,11.039999999999964,12.0,13.0,14.0,2.0,12.0,0.0,18.0,4.0,4.0
6.0,7.0,8.0,8.0,8.0,9.0,9.0,9.0,9.0,10.0,10.0,10.0,10.0,11.0,11.0,11.0,11.0,11.0,12.0,12.0,12.0,12.0,12.0,12.0,12.0,13.0,13.0,13.0,13.0,13.0,13.0,13.0,13.0,14.0,14.0,14.0,14.0,14.0,14.0,14.0,14.0,14.0,15.0,15.0,15.0,15.0,15.0,15.0,15.0,15.0,15.0,15.0,16.0,16.0,16.0,16.0,16.0,16.0,17.0,17.0,17.0,17.0,17.0,17.0,17.0,18.0,18.0,18.0,18.0,18.0,18.0,18.0,19.0,19.0,19.0,19.0,19.0,19.0,20.0,20.0,20.0,20.0,20.0,21.0,21.0,21.0,21.0,21.0,22.0,22.0,22.0,23.0,23.0,23.0,24.0,25.0,26.0,28.0,29.0,7.0,27.0,3.0,33.0,8.0,8.0
13.0,14.0,15.0,16.0,17.0,17.0,18.0,18.0,18.0,19.0,19.0,19.0,19.0,20.0,20.0,20.0,20.0,21.0,21.0,21.0,21.0,22.0,22.0,22.0,22.0,22.0,22.0,23.0,23.0,23.0,23.0,23.0,24.0,24.0,24.0,24.0,24.0,25.0,25.0,25.0,25.0,25.0,25.0,26.0,26.0,26.0,26.0,26.0,26.0,27.0,27.0,27.0,27.0,27.0,27.0,28.0,28.0,28.0,28.0,29.0,29.0,29.0,29.0,29.0,30.0,30.0,30.0,30.0,30.0,30.0,31.0,31.0,31.0,31.0,31.0,32.0,32.0,32.0,32.0,33.0,33.0,33.0,34.0,34.0,34.0,34.0,35.0,35.0,36.0,36.0,37.0,37.0,38.0,38.0,38.0,39.0,40.0,43.0,44.00999999999999,14.975000000000001,41.0,9.0,54.0,5.0,5.0
20.0,22.0,24.0,25.0,26.0,26.0,27.0,27.92,28.0,28.0,29.0,29.0,29.0,30.0,30.0,30.0,31.0,31.0,31.0,31.0,32.0,32.0,32.0,32.75999999999999,33.0,33.0,33.0,34.0,34.0,34.0,34.0,35.0,35.0,35.0,36.0,36.0,36.0,36.0,37.0,37.0,37.0,37.0,37.0,38.0,38.0,38.0,38.0,39.0,39.0,39.0,39.0,39.48000000000002,40.0,40.0,40.0,40.0,41.0,41.0,41.0,42.0,42.0,42.0,43.0,43.0,43.0,43.0,44.0,44.0,44.0,44.0,45.0,45.0,45.0,45.0,46.0,46.0,46.0,47.0,47.0,47.0,48.0,48.0,48.0,49.0,49.0,50.0,50.129999999999995,51.0,52.0,52.0,53.0,54.0,54.0,56.0,57.0,58.0,59.0,60.0,62.0,23.0,60.0,16.0,74.0,18.0,18.0
30.0,32.0,34.0,35.0,36.0,37.0,38.0,38.0,39.0,40.0,40.0,40.0,41.0,41.0,42.0,42.0,42.0,43.0,43.0,43.0,44.0,44.0,44.77000000000001,45.0,45.0,45.0,46.0,46.0,47.0,47.0,47.0,48.0,48.0,48.0,48.0,49.0,49.0,50.0,50.0,50.0,50.0,51.0,51.0,51.0,51.55000000000001,52.0,52.0,52.0,53.0,53.0,53.0,54.0,54.0,54.0,54.0,55.0,55.0,55.0,55.0,55.39999999999998,56.0,56.0,57.0,57.0,57.0,57.0,58.0,58.0,58.0,59.0,59.0,59.27999999999997,60.0,60.0,60.25,61.0,61.0,62.0,62.0,62.200000000000045,63.0,63.0,64.0,64.0,65.0,65.0,66.0,68.0,68.0,69.0,69.0,70.0,71.0,71.05999999999995,72.0,74.0,75.0,77.0,80.00999999999999,33.0,75.02499999999998,25.0,89.0,27.0,27.0
41.0,43.980000000000004,45.0,46.0,47.0,48.0,49.0,50.0,51.0,52.0,52.0,53.0,53.0,54.0,54.0,55.0,55.0,55.0,56.0,56.0,57.0,57.78,58.0,58.0,59.0,59.0,60.0,60.0,60.0,60.69999999999999,61.0,61.0,62.0,62.0,63.0,63.0,63.0,63.0,64.0,64.0,64.0,65.0,65.0,65.0,66.0,66.0,66.0,67.0,67.0,68.0,68.0,68.0,69.0,69.0,70.0,70.0,70.0,70.41999999999996,71.0,71.0,72.0,72.38,73.0,73.0,74.0,75.0,75.0,75.0,76.0,76.0,76.0,77.0,77.0,78.0,78.0,78.0,79.0,79.0,80.0,81.0,81.0,82.0,82.0,82.15999999999997,83.0,83.0,84.0,85.0,85.0,86.0,87.0,89.0,90.0,91.0,92.0,94.0,97.0,99.0,103.0,44.0,98.0,34.0,112.0,28.0,28.0
50.0,53.0,55.0,56.0,57.0,59.0,61.0,62.0,63.0,64.0,65.0,65.88,66.0,67.0,67.0,68.0,68.0,69.0,69.0,70.0,70.78999999999999,71.0,71.0,72.0,72.0,73.0,73.0,74.0,74.0,75.0,75.0,76.0,77.0,77.0,78.0,78.0,79.0,79.0,80.0,80.0,80.0,81.0,81.0,82.0,82.0,82.0,83.0,83.0,84.0,84.0,84.0,85.0,85.0,85.0,86.0,86.0,87.0,88.0,88.0,89.0,89.0,89.0,90.0,90.0,90.0,91.0,91.0,92.0,92.0,93.0,93.0,93.0,94.0,95.0,95.0,96.0,97.0,98.0,98.0,99.0,99.0,100.0,100.0,101.0,102.0,102.0,103.0,104.0,104.0,105.0,106.0,107.0,109.0,110.0,112.04999999999995,114.0,117.0,119.01999999999998,124.00999999999999,54.0,118.0,41.0,138.0,41.0,41.0
64.0,66.0,67.97,69.0,70.0,72.0,73.0,74.0,75.0,76.0,78.0,79.0,80.0,81.0,81.0,82.0,83.0,84.0,84.0,85.0,86.0,86.0,87.0,87.75999999999999,88.0,89.0,89.0,90.0,90.0,91.0,91.0,92.0,93.0,93.0,94.0,94.0,95.0,95.0,96.0,96.0,97.0,97.57999999999998,98.0,98.0,99.0,99.0,99.52999999999997,101.0,101.0,101.0,102.0,102.0,103.0,103.0,103.0,104.0,104.0,105.0,105.0,106.0,106.0,107.0,107.0,108.0,108.0,109.0,109.0,110.0,110.0,111.0,112.0,112.0,113.0,114.0,114.0,115.0,116.0,116.0,117.0,118.0,118.0,119.0,120.0,121.0,122.0,123.0,124.0,124.0,125.0,127.0,128.0,129.0,130.07000000000005,133.0,134.0,136.0,137.0,141.0,143.01,67.0,139.0,52.0,159.0,49.0,49.0
76.99,81.98,84.0,86.0,87.0,88.0,90.0,91.0,93.0,94.0,96.0,96.0,97.0,98.0,99.0,99.0,100.0,100.0,101.0,102.0,102.0,103.0,103.0,104.0,105.0,105.0,106.0,107.0,107.0,108.0,108.0,109.0,109.0,110.0,111.0,111.0,112.0,113.0,114.0,115.0,115.0,116.0,116.0,117.0,117.0,118.0,119.0,119.0,120.0,121.0,121.0,122.0,122.0,123.0,123.0,124.0,124.0,125.0,126.0,126.0,127.0,127.0,128.0,128.36,129.0,129.0,130.0,131.0,131.0,132.0,133.0,133.0,134.0,135.0,136.0,136.0,137.0,138.0,138.0,139.0,139.19000000000005,141.0,142.0,143.0,143.0,144.14,146.0,146.0,147.0,149.0,151.0,152.0,154.0,155.05999999999995,157.0,159.0,161.02999999999997,163.0,167.0,83.0,162.0,64.0,204.0,36.0,36.0
93.98,100.0,102.0,103.0,105.0,106.94,108.0,109.0,111.0,112.0,113.0,114.88,116.87,117.86000000000001,118.0,119.0,120.0,120.0,121.0,122.0,123.0,124.0,125.0,126.0,126.75,127.0,128.0,129.0,129.0,130.0,131.0,131.0,132.0,132.66000000000003,134.0,134.0,134.0,135.0,135.0,136.0,137.0,138.0,138.0,139.0,139.0,140.0,140.0,141.0,142.0,142.0,143.0,143.0,144.0,145.0,146.0,146.0,147.0,148.0,148.0,149.0,150.0,151.0,151.0,152.0,152.0,153.0,154.0,155.0,155.30999999999995,156.0,156.28999999999996,157.0,158.0,158.0,159.0,159.24,161.0,161.0,162.0,162.0,163.0,164.0,165.0,166.0,167.0,168.0,169.0,171.0,171.11,173.0,175.0,177.08000000000004,180.0,182.0,183.0,184.0,188.0,191.0,196.01,101.0,189.0,82.0,212.0,133.0,133.0
111.0,115.0,118.0,121.0,123.0,125.0,127.0,129.0,130.0,131.0,133.0,134.0,135.0,136.0,138.0,139.84,141.0,142.0,143.81,145.0,146.0,147.0,148.0,148.0,149.0,150.0,150.0,151.0,152.0,153.0,153.0,154.0,154.0,155.0,156.0,156.0,157.0,158.0,159.0,159.60000000000002,161.0,161.0,162.0,163.0,164.0,164.0,165.0,166.0,166.0,167.0,168.0,168.0,168.47000000000003,169.46000000000004,171.0,171.0,172.0,172.41999999999996,173.0,174.0,175.0,175.0,176.0,177.0,178.0,178.0,179.0,179.0,180.0,181.0,182.0,182.27999999999997,183.0,184.0,185.0,185.0,186.0,186.22000000000003,187.0,188.0,189.0,190.0,191.16999999999996,193.0,194.0,195.0,197.0,198.0,198.11,200.0,201.09000000000003,203.0,206.0,208.0,210.0,213.0,217.0,221.01999999999998,230.0,115.975,220.0,99.0,244.0,97.0,97.0
129.98,135.0,138.97,142.0,145.0,148.0,150.0,153.0,154.0,155.0,157.0,158.88,160.0,162.0,163.0,164.84,166.0,167.0,168.0,169.0,171.0,172.0,173.0,174.0,174.75,175.0,176.0,177.0,178.0,179.0,179.69,180.0,181.0,182.0,183.0,185.0,185.0,186.0,187.0,188.0,189.0,190.0,190.0,191.0,192.0,192.54000000000002,193.0,194.0,194.0,195.0,196.0,197.0,197.47000000000003,199.0,199.0,200.0,201.0,201.0,202.0,204.0,204.39,205.0,206.0,207.0,208.0,209.0,209.33000000000004,211.0,212.0,212.0,213.0,214.0,214.0,215.0,215.25,217.0,217.0,218.0,219.21000000000004,220.0,221.0,222.0,223.0,224.0,225.0,226.14,228.0,229.0,231.0,233.0,234.0,236.0,238.0,239.0,242.0,245.03999999999996,249.0,251.01999999999998,256.02,136.0,250.0,113.0,284.0,168.0,168.0
155.0,162.0,167.97,172.0,174.0,176.0,177.0,179.92000000000002,181.0,182.0,184.0,186.0,187.87,189.0,191.0,191.84,194.0,195.0,196.0,198.0,199.0,200.0,202.0,203.0,204.0,206.0,207.0,208.0,209.0,210.0,210.0,211.0,212.0,214.0,214.0,215.0,215.63,216.0,217.0,218.0,219.0,220.0,221.0,222.0,222.0,223.0,223.52999999999997,224.0,225.0,226.0,226.0,227.0,228.0,229.0,230.0,230.0,231.0,232.0,233.0,234.0,235.0,236.0,237.0,238.0,239.0,240.0,240.0,241.0,242.0,243.0,244.0,245.0,246.0,247.0,249.0,250.0,251.0,252.0,253.0,255.20000000000005,257.0,258.0,258.16999999999996,260.0,261.0,262.0,263.13,265.0,266.0,268.0,270.0,272.08000000000004,275.07000000000005,278.0,281.0,283.03999999999996,288.0,293.0,299.01,163.975,289.025,133.0,339.0,196.0,196.0
182.0,191.96,197.0,199.0,202.0,205.0,207.0,209.0,210.0,214.0,216.0,219.0,220.0,221.0,223.0,224.0,226.0,227.0,228.0,230.8,231.79,233.0,234.0,235.0,236.0,237.0,238.0,239.0,240.0,241.0,242.0,243.0,245.0,246.0,246.0,247.0,248.63,250.0,251.0,251.0,253.0,254.0,254.0,255.0,257.0,258.0,259.0,260.0,260.0,261.0,262.0,263.0,264.0,265.0,265.0,266.0,267.0,268.0,268.40999999999997,270.0,271.0,272.0,273.0,273.0,275.0,276.0,277.0,277.0,278.0,279.0,280.0,282.0,283.0,284.0,285.25,287.0,288.0,290.0,291.0,292.0,294.0,295.0,296.16999999999996,298.0,300.0,301.0,302.0,304.0,306.11,309.0,312.0,314.08000000000004,316.0,317.05999999999995,320.0,324.03999999999996,328.0,332.0,336.03,195.0,329.025,167.0,356.0,189.0,189.0
215.99,227.0,229.97,232.96,237.95,239.0,241.0,243.0,245.0,247.0,248.89,251.0,253.0,255.0,256.0,259.0,260.0,262.82,264.0,265.8,267.78999999999996,270.0,271.0,273.0,275.0,276.0,277.0,278.0,279.0,281.0,283.0,283.68,284.67,285.0,286.0,287.0,289.0,290.0,291.0,292.0,293.0,294.0,296.0,297.0,298.0,299.0,300.0,301.0,301.51,303.0,303.0,304.0,305.0,306.46000000000004,307.0,308.44000000000005,309.0,310.0,311.0,311.4,312.0,314.0,315.0,315.0,316.0,318.0,319.0,320.0,321.0,322.29999999999995,324.0,325.0,326.0,328.0,329.0,331.0,333.0,334.0,335.0,335.0,337.0,339.0,340.16999999999996,342.0,344.0,345.0,345.0,347.0,349.0,352.0,354.0,357.0,358.07000000000005,361.0,363.04999999999995,368.0,371.03,379.02,388.0,228.0,375.025,202.0,402.0,250.0,250.0
250.0,255.98,262.94,268.96,272.0,275.0,278.93,281.0,285.0,288.0,290.89,292.88,294.0,296.0,298.85,301.84000000000003,303.0,305.0,306.0,308.0,309.0,310.0,311.0,313.0,314.0,316.0,316.0,318.0,319.0,321.0,322.0,323.0,323.0,324.0,326.0,327.0,328.63,329.0,331.0,332.0,333.0,334.0,336.0,337.0,338.0,339.0,340.0,341.0,342.0,343.5,345.0,346.0,347.0,348.0,349.0,351.0,351.42999999999995,352.41999999999996,354.0,354.4,355.0,357.0,358.0,360.0,361.0,362.0,364.0,365.32000000000005,367.0,368.0,369.0,370.0,371.0,373.26,375.0,375.0,376.23,378.0,380.0,382.20000000000005,384.19000000000005,386.0,387.0,388.0,390.0,392.0,394.13,397.0,398.0,402.0,403.0,406.0,408.0,410.05999999999995,414.0,418.03999999999996,422.03,427.0,434.01,258.95,424.0,225.0,462.0,175.0,175.0
287.98,295.98,304.94,310.0,313.95,318.0,322.0,324.0,326.0,328.0,330.0,333.0,336.0,339.0,340.0,341.84000000000003,343.83000000000004,345.0,346.81,348.0,349.0,352.0,353.0,354.0,355.75,356.74,358.0,360.0,363.0,364.0,365.0,368.0,369.0,370.0,371.0,372.0,374.0,375.0,377.0,377.0,379.0,380.0,381.0,382.0,383.0,384.0,385.0,387.0,388.0,389.0,391.0,392.48,395.0,397.0,397.0,399.0,400.0,401.41999999999996,402.40999999999997,404.0,405.0,407.0,408.0,409.0,410.0,412.0,414.0,414.32000000000005,416.0,416.29999999999995,418.0,419.0,420.27,422.0,424.0,425.0,426.0,428.0,429.0,430.0,431.19000000000005,432.17999999999995,435.0,437.0,439.15,442.0,444.0,446.12,448.0,450.1,453.0,456.0,458.0,460.05999999999995,465.0,469.03999999999996,471.05999999999995,476.0,483.01,300.0,475.0,259.0,525.0,368.0,368.0
332.98,337.98,343.97,349.0,353.0,357.0,359.0,363.0,367.90999999999997,370.0,373.0,375.0,378.0,380.86,382.85,385.0,387.0,389.0,390.0,391.8,393.78999999999996,395.0,396.77,398.76,400.75,402.0,404.0,405.0,407.0,409.0,411.0,412.0,414.0,416.0,418.65,419.64,420.63,422.0,424.0,425.0,426.0,427.0,428.0,430.0,432.0,433.0,435.53,436.52,437.0,439.0,439.49,441.48,443.0,444.0,446.0,447.0,448.0,450.0,451.0,454.0,455.0,456.0,458.0,459.0,461.35,462.34000000000003,465.0,466.0,468.0,469.0,470.0,471.0,473.0,474.0,476.0,477.24,479.0,481.0,482.0,484.0,484.0,486.0,487.0,489.0,491.0,492.14,495.13,500.0,503.0,505.0,507.0,510.0,512.07,516.0,519.0,522.0,526.03,531.02,543.0,340.0,529.0,311.0,565.0,349.0,349.0
362.99,375.98,382.0,387.96,392.95,396.94,400.86,403.0,409.0,413.0,416.0,419.0,421.0,424.0,426.85,430.0,431.0,433.0,435.0,438.0,440.0,442.0,445.0,447.0,449.0,450.0,451.0,454.0,455.0,456.0,458.0,459.0,460.0,462.66,464.65,466.0,467.63,470.0,472.0,473.0,474.59,475.0,477.0,478.0,480.0,481.0,482.0,485.0,486.51,488.0,490.0,491.0,492.0,493.0,495.0,496.44000000000005,498.0,500.0,501.0,502.4,504.0,505.0,507.0,508.0,509.0,511.0,512.0,514.0,515.0,516.0,517.0,519.0,520.0,522.0,524.0,526.0,528.0,529.0,532.0,534.0,536.0,538.0,539.0,541.0,542.15,544.0,547.0,548.0,551.0,553.1,557.09,560.08,563.07,566.0,570.0,573.0,580.0,585.0,597.02,380.0,581.025,344.0,640.0,345.0,345.0
395.0,412.88,425.90999999999997,431.96,436.9,441.0,443.0,446.0,448.0,451.0,454.0,456.88,460.0,462.86,467.0,469.0,471.0,473.0,475.0,478.8,480.0,482.0,484.0,487.0,489.0,491.0,493.0,494.72,497.0,500.0,502.0,504.0,505.0,507.0,508.65,510.0,511.0,512.0,514.0,517.0,519.0,520.0,523.0,524.56,526.0,527.0,528.0,530.0,533.0,534.0,535.0,537.0,538.0,540.0,541.0,543.0,544.0,546.0,547.0,549.0,550.39,552.38,554.37,556.36,558.0,560.34,562.0,564.0,565.0,567.0,568.0,569.0,570.27,573.26,576.0,577.0,578.0,580.0,582.0,584.0,587.0,589.0,591.0,593.0,596.0,599.0,601.0,604.12,606.11,611.1,614.09,618.0,621.07,624.06,628.0,632.0,636.0,640.0799999999999,650.0,415.0,640.0,358.0,687.0,475.0,475.0
449.95,454.0,460.97,465.0,470.0,476.0,478.0,480.0,484.0,486.9,489.0,493.0,496.0,500.0,505.0,508.0,511.0,515.0,517.0,520.8,523.0,525.0,527.77,530.0,531.75,533.74,536.0,537.0,538.71,540.0,541.0,543.0,546.0,549.0,551.65,554.64,556.0,558.0,560.61,563.0,565.0,566.0,568.0,569.0,571.0,573.0,574.53,576.0,578.0,580.0,582.0,582.0,584.0,586.0,587.0,589.0,590.43,592.0,593.0,595.0,597.0,599.0,601.0,602.36,605.0,606.0,608.0,610.0,611.31,613.3,615.0,616.0,617.0,620.0,623.0,625.0,626.23,629.0,631.0,634.2,636.0,638.0,640.0,642.16,644.15,647.0,649.13,652.12,654.0,657.0,660.0,662.0,666.07,672.0,674.0,676.04,681.0,692.0,702.0,457.975,688.025,405.0,744.0,427.0,427.0
481.97,490.0,494.97,504.0,509.95,514.94,518.9300000000001,523.92,527.0,530.9,533.89,536.88,540.0,542.0,544.0,547.84,549.0,551.8199999999999,554.0,556.0,557.0,561.0,563.77,566.0,569.0,571.0,574.0,576.0,578.0,579.0,580.69,585.0,586.6700000000001,588.0,590.0,592.0,594.0,596.62,598.61,601.0,602.0,604.0,605.0,608.0,610.0,612.0,614.0,616.0,618.0,619.0,621.0,622.0,624.0,625.46,628.0,629.0,630.43,633.0,634.41,637.0,639.0,640.38,642.0,644.0,646.35,648.34,650.0,652.32,655.31,657.0,659.29,663.0,666.0,668.0,669.0,671.0,672.23,674.44,677.0,680.0,682.0,684.0,686.0,688.16,690.15,694.0,697.0,698.0,702.0,704.0,706.0,708.0,710.0,716.06,721.0,724.04,729.03,734.0,745.0,493.0,732.0,451.0,773.0,627.0,627.0
506.97,513.0,520.0,526.96,533.0,537.0,543.0,548.92,554.0,557.9,563.0,566.0,572.87,575.0,577.0,581.84,585.0,588.0,590.81,593.0,595.0,598.0,600.0,602.0,604.0,605.0,608.0,610.72,613.0,616.0,619.0,621.0,623.0,626.0,628.0,630.0,632.0,634.0,636.0,637.0,638.5899999999999,641.0,642.0,645.56,647.0,649.54,651.0,652.52,653.0,657.0,659.0,662.0,664.0,666.0,668.0,669.44,671.0,672.0,675.0,677.0,679.39,682.0,684.0,685.0,687.0,689.34,691.33,693.0,694.0,696.0,697.29,700.0,702.0,703.0,705.0,707.0,709.0,711.0,715.21,718.0,720.19,724.0,725.0,727.0,729.15,733.0,736.0,738.12,741.0,745.0,748.0,750.0,753.07,757.0,763.2499999999998,772.0,777.03,786.0,796.03,517.0,781.025,461.0,869.0,793.0,793.0
538.0,545.0,551.0,558.96,564.95,568.0,571.9300000000001,577.0,583.0,590.9,596.0,598.0,600.0,602.0,606.0,610.0,613.0,616.0,618.0,622.0,624.79,627.0,629.0,631.0,632.75,635.74,638.0,641.0,643.0,646.0,648.0,650.6800000000001,653.0,655.0,658.0,660.64,663.0,665.0,666.0,668.0,669.5899999999999,671.5799999999999,673.0,675.0,677.0,679.0,681.0,683.0,686.0,688.0,689.0,691.0,693.0,695.0,698.0,701.0,703.43,705.0,706.0,708.0,710.0,712.0,714.0,716.36,718.35,720.34,722.0,724.0,727.0,729.3,731.0,733.28,736.0,739.26,742.0,743.0,744.0,747.22,749.0,751.0,755.0,757.18,760.0,763.16,768.0,771.14,774.13,777.0,780.0,782.1,784.0,787.08,790.0,794.0,798.0,801.04,808.0,813.02,827.0,547.975,810.0,505.0,849.0,651.0,651.0
554.0,569.0,581.0,587.0,592.9,600.94,603.0,608.0,612.91,616.9,619.0,623.88,628.0,630.0,634.0,636.84,639.0,640.0,642.81,646.0,648.0,650.78,652.77,655.0,659.0,661.0,663.73,666.72,668.0,671.7,674.0,677.0,679.0,682.0,684.0,685.64,687.0,689.0,691.0,693.0,695.5899999999999,698.0,700.0,700.56,702.55,705.0,707.0,710.0,712.51,716.0,718.0,720.0,722.0,723.0,725.0,727.0,730.43,732.0,734.0,735.4,738.39,740.38,744.0,747.36,751.0,752.0,755.33,758.0,760.0,762.0,763.0,765.0,769.0,770.0,774.0,776.0,779.0,781.0,784.0,785.0,787.0,791.0,793.0,796.0,798.0,802.0,805.0,807.0,810.0,814.0,819.0,823.0,826.0,831.06,836.05,841.0,850.0,862.02,873.01,576.0,854.0,527.0,904.0,601.0,601.0
576.96,588.0,600.97,605.96,613.95,620.0,621.9300000000001,627.84,633.0,635.0,640.0,643.0,645.87,648.0,651.0,653.84,655.0,657.0,659.0,662.8,666.79,668.78,670.77,674.0,677.0,680.0,683.73,686.0,688.0,691.0,694.69,697.0,699.6700000000001,703.0,706.0,708.0,710.0,712.62,715.0,716.0,718.0,719.5799999999999,722.5699999999999,724.0,726.55,728.0,730.0,733.0,735.0,739.0,742.0,744.0,747.0,748.0,751.0,753.0,754.0,757.0,760.0,763.0,765.39,767.0,769.0,771.0,773.0,774.34,776.0,778.0,782.0,784.3,787.0,790.0,793.0,795.26,798.25,801.0,802.0,804.22,806.0,809.2,811.0,814.0,817.0,822.0,824.15,828.14,830.0,834.0,836.11,840.0,842.0,846.0,851.07,855.0,860.05,867.0,872.0,883.0,898.01,596.975,874.025,547.0,944.0,743.0,743.0
598.99,609.0,616.94,625.0,629.0,632.0,638.0,643.92,648.0,650.9,654.0,658.0,662.0,666.0,669.85,672.0,674.0,678.8199999999999,681.81,685.0,687.0,689.0,692.0,693.76,696.75,699.74,702.0,704.0,707.0,708.7,710.69,713.6800000000001,716.6700000000001,719.6600000000001,722.0,724.0,726.0,729.0,730.0,733.0,733.5899999999999,736.0,739.0,740.56,743.0,746.0,748.0,751.52,753.0,755.0,757.0,760.0,762.0,764.0,767.0,769.0,771.0,775.0,777.41,780.0,782.0,784.0,787.37,789.36,793.0,797.0,798.0,800.32,803.31,805.0,806.0,810.28,812.27,815.0,816.25,819.0,821.23,826.0,828.21,830.2,833.0,835.0,837.17,839.0,842.0,845.0,849.0,852.0,855.11,857.1,862.09,866.0,870.0,878.0,882.0,888.0,897.0,905.02,916.03,610.975,898.0749999999999,528.0,966.0,683.0,683.0
609.99,623.9,635.0,641.0,645.95,650.94,653.0,657.0,661.0,665.0,668.89,672.0,674.0,679.0,683.0,686.84,690.0,692.0,696.0,698.0,700.0,702.0,706.0,707.76,710.0,713.0,716.73,718.0,721.0,724.0,726.0,729.0,730.6700000000001,733.6600000000001,738.0,740.0,742.63,744.0,746.0,748.6,751.0,753.5799999999999,755.5699999999999,760.0,763.55,765.54,768.0,770.0,772.51,775.5,778.0,779.0,782.47,784.0,785.0,787.0,789.0,791.0,793.0,796.0,798.39,801.0,803.37,807.0,809.0,810.0,812.33,816.0,819.0,821.3,824.0,827.0,829.0,831.26,834.0,836.0,838.0,839.22,841.0,844.2,846.19,850.18,853.17,858.0,861.0,864.0,867.13,870.0,872.11,875.1,878.0,882.0,885.0,893.06,900.0,906.0,913.06,923.02,933.01,633.0,916.0,570.0,959.0,662.0,662.0
619.99,627.0,635.97,643.96,651.0,656.88,660.9300000000001,666.0,670.0,675.0,679.0,681.88,684.87,687.0,690.0,694.6800000000001,699.6600000000001,701.0,705.0,708.0,711.0,713.78,717.0,719.0,720.0,723.0,727.0,730.0,732.0,734.7,737.0,739.0,741.0,744.0,745.0,748.0,750.0,753.0,754.61,756.0,758.5899999999999,761.0,764.0,767.56,770.0,772.0,774.53,776.0,778.0,780.0,781.0,783.48,785.47,787.0,789.0,790.0,792.0,794.0,798.0,801.0,803.0,807.0,809.0,811.0,813.35,818.0,820.33,822.0,825.0,827.0,830.0,833.0,836.0,840.0,842.0,845.24,847.0,849.0,851.21,854.0,857.0,860.0,864.0,868.16,871.0,873.14,877.0,881.0,886.0,889.0,893.0,900.0,903.0,907.0,911.05,919.0,930.0,935.0,945.05,630.975,934.025,591.0,983.0,969.0,969.0
616.0,627.0,637.94,649.96,655.0,661.0,666.9300000000001,673.0,677.0,679.9,683.89,687.88,692.87,696.0,698.0,702.84,705.0,708.0,712.0,714.0,717.0,719.0,723.0,725.0,727.0,729.0,732.73,735.0,737.0,740.0,741.69,744.0,746.0,749.0,751.0,753.0,755.0,757.0,760.0,762.6,765.0,768.5799999999999,771.0,774.0,776.55,779.0,783.0,785.0,787.0,789.0,790.49,792.0,795.0,798.46,800.0,804.44,807.0,810.0,811.0,814.0,816.0,818.0,820.0,821.36,825.0,827.34,829.33,832.32,835.0,837.0,838.0,840.0,843.0,847.0,849.0,851.24,855.0,857.0,859.0,861.0,862.0,865.0,868.0,870.0,873.0,878.0,880.13,883.0,887.0,892.0,896.0,901.08,903.07,912.0,915.05,921.0,928.0899999999999,935.0,946.0,632.975,932.025,593.0,963.0,889.0,889.0
619.98,632.96,642.94,649.0,655.9,662.94,668.0,672.0,678.0,682.0,686.0,688.0,692.0,695.0,698.0,699.0,701.0,704.0,706.0,709.0,712.0,714.0,717.0,719.0,722.0,724.0,726.0,730.0,732.71,735.0,738.0,740.0,744.0,747.0,749.0,752.0,755.63,758.0,760.0,763.6,765.5899999999999,768.0,769.0,771.0,774.0,777.54,780.53,783.0,784.0,785.5,787.0,790.0,792.47,796.0,798.0,799.0,803.0,806.42,809.0,811.0,814.39,816.0,820.0,823.0,825.0,828.0,830.6600000000001,834.0,836.0,839.0,841.0,843.0,846.0,849.0,853.0,856.24,859.23,862.0,865.0,866.2,868.0,869.0,871.0,875.0,877.15,880.14,883.0,885.0,888.0,892.0,897.0,902.0,908.07,914.0,923.0,927.0,932.0,940.02,952.0,636.0,936.025,586.0,1015.0,756.0,756.0
625.99,635.98,645.97,651.96,655.0,659.0,664.0,666.92,669.91,673.0,678.89,682.0,686.0,692.0,695.0,697.0,699.83,704.64,709.81,713.0,715.0,716.78,719.0,721.0,724.75,727.0,730.73,733.0,736.71,738.7,740.0,743.0,744.0,748.0,749.65,752.0,754.0,756.62,759.61,762.6,764.0,767.0,769.0,771.0,774.0,776.54,778.0,780.0,782.51,784.0,786.49,789.0,793.0,795.0,797.0,800.0,803.0,805.0,807.0,810.4,812.39,814.38,817.0,819.36,821.0,822.6800000000001,826.0,829.0,831.31,833.3,835.0,838.0,841.0,843.26,846.0,848.24,852.0,854.0,856.0,858.0,860.19,865.0,867.0,869.0,872.0,874.14,880.0,884.0,887.11,891.2,898.09,903.0,907.07,913.0,921.05,927.0,933.0,938.02,948.01,640.975,936.0,573.0,1020.0,812.0,812.0
621.94,629.98,636.94,648.0,653.0,656.0,661.9300000000001,664.0,670.0,674.0,677.89,679.0,682.87,684.86,689.0,691.84,695.0,699.0,702.0,704.0,706.0,712.78,714.0,718.76,721.0,722.0,725.73,728.0,732.0,734.0,736.0,737.0,739.0,741.0,742.0,744.64,747.0,749.0,751.0,753.0,755.0,759.0,762.0,764.0,766.0,769.0,771.0,773.0,774.0,776.5,779.0,781.48,785.0,788.0,790.0,792.44,794.0,795.42,798.0,800.4,802.39,804.38,807.0,810.36,813.0,817.0,819.33,822.0,825.0,827.0,830.29,832.0,835.0,838.26,841.0,844.0,847.0,851.0,853.0,856.0,858.0,860.0,863.17,866.0,869.0,873.14,876.0,878.12,881.11,886.0,890.0,895.0,899.0,903.06,907.0,914.04,922.0,931.02,947.01,632.975,927.05,580.0,987.0,837.0,837.0
613.98,629.94,634.0,640.0,646.0,651.0,655.9300000000001,661.0,665.0,668.0,672.0,675.0,678.87,682.0,684.0,687.0,690.0,693.8199999999999,695.0,698.8,701.0,705.0,709.0,711.0,714.0,715.0,717.0,719.0,722.0,723.0,725.0,727.0,730.6700000000001,733.0,734.0,737.0,738.63,740.0,742.61,745.6,748.5899999999999,750.0,751.5699999999999,754.0,757.0,759.0,761.53,765.0,768.0,770.0,773.0,775.0,777.0,779.46,782.0,784.0,787.0,790.0,792.41,794.0,796.0,799.0,800.37,803.0,806.0,807.0,810.0,812.0,815.0,817.3,820.29,823.0,826.0,828.0,831.0,833.0,835.23,838.0,840.21,843.2,848.0,851.0,855.0,857.0,860.0,863.0,865.0,868.12,871.0,874.1,878.0,882.0,887.0,892.06,899.0,903.04,915.03,922.04,945.01,632.975,918.0,593.0,991.0,727.0,727.0
604.98,615.0,626.97,634.96,640.0,644.94,648.0,652.92,654.0,657.0,661.0,665.0,668.0,671.0,675.0,679.0,683.0,684.0,686.0,689.0,691.0,695.0,698.77,700.76,702.0,704.0,707.73,712.0,714.0,718.0,719.0,721.0,724.0,726.32,729.0,730.0,732.63,734.0,736.0,737.0,739.0,740.5799999999999,743.0,745.0,747.0,748.54,751.0,755.52,758.0,759.0,761.0,763.48,765.0,767.0,769.45,772.0,774.0,777.0,778.41,780.0,782.0,785.0,788.0,791.36,793.0,795.34,799.33,802.0,805.0,807.0,809.29,812.8399999999999,816.27,819.0,822.0,825.0,827.0,830.22,834.0,835.2,838.0,841.0,843.17,847.0,849.15,853.14,857.13,861.0,865.0,867.1,871.0,875.0,879.1400000000001,888.0,892.0,896.04,905.0,919.02,935.01,623.0,915.025,575.0,972.0,760.0,760.0
597.99,605.98,612.0,617.0,624.0,628.0,633.0,636.92,640.0,644.0,649.89,653.0,655.0,658.86,661.85,665.0,668.0,670.0,674.0,677.0,679.0,682.0,685.0,686.76,689.0,693.0,695.0,697.72,700.71,702.0,704.0,706.0,709.6700000000001,714.0,716.0,718.0,721.0,723.0,725.0,727.0,729.0,730.5799999999999,733.0,736.56,738.0,739.0,741.0,742.0,743.51,744.5,746.49,748.0,750.0,752.0,754.0,756.0,759.0,761.0,765.0,767.0,769.0,772.38,774.0,777.0,778.0,780.0,782.0,786.0,789.31,792.0,795.0,797.0,799.0,801.0,803.25,805.0,807.23,812.22,814.21,817.0,820.0,825.18,830.0,833.0,837.0,840.0,844.0,846.0,849.11,854.0,858.09,863.0,867.0,871.0,877.05,882.0,891.0,903.0,921.04,607.0,898.0,563.0,972.0,766.0,766.0
582.99,591.98,597.97,606.96,612.0,618.0,620.9300000000001,623.0,627.8199999999999,631.0,635.0,638.0,640.0,644.0,647.0,652.0,655.0,660.0,662.81,664.0,666.0,669.0,670.0,672.0,674.75,676.0,679.0,682.72,684.0,686.0,688.0,689.0,693.0,695.0,697.0,700.0,702.0,704.0,706.0,707.6,709.0,711.5799999999999,714.0,716.0,718.55,720.54,723.0,724.52,728.0,730.0,731.49,733.48,737.0,739.0,741.0,743.0,745.0,746.42,748.0,750.0,752.0,754.0,758.0,759.0,761.35,764.34,767.33,773.0,775.0,777.3,780.29,784.0,787.0,790.0,791.25,793.0,795.46,799.0,801.0,804.0,807.0,809.18,812.0,816.0,819.0,822.0,824.0,827.12,831.0,833.1,840.09,843.08,848.07,854.06,860.0,869.0,875.03,883.0,893.06,595.0,878.025,558.0,925.0,681.0,681.0
571.0,579.0,585.0,591.92,598.95,606.0,609.0,613.0,615.0,617.9,621.89,625.88,629.0,633.0,635.0,637.0,640.0,643.0,645.81,648.0,652.0,653.0,657.0,660.0,662.0,664.0,666.73,668.0,670.0,672.7,675.0,677.0,678.6700000000001,680.0,681.65,683.0,686.0,688.0,689.0,692.0,693.0,695.0,698.5699999999999,700.0,703.55,705.0,707.0,710.0,711.0,713.0,715.0,719.0,721.0,723.0,725.0,727.0,729.0,731.0,734.0,735.4,739.0,741.0,743.0,745.36,748.0,748.34,750.0,752.0,755.0,758.0,761.0,764.0,768.0,770.26,774.0,776.0,779.0,781.0,783.0,785.2,790.19,794.0,797.0,800.0,801.15,806.0,808.0,811.0,814.0,819.1,824.09,829.0,833.0,838.06,843.0,848.0,856.0,862.04,882.05,581.975,859.0,535.0,927.0,525.0,525.0
561.99,572.0,575.0,583.0,586.0,590.0,594.0,598.92,604.0,606.0,608.0,610.0,613.87,616.0,618.0,620.0,623.0,625.8199999999999,629.81,633.0,635.0,637.78,639.0,640.76,643.0,644.0,647.0,647.0,649.71,653.0,654.69,656.6800000000001,658.0,659.6600000000001,662.0,663.0,665.0,666.62,669.0,670.6,671.0,673.5799999999999,677.0,680.0,683.55,686.0,689.06,691.52,694.0,696.0,697.49,699.48,701.0,703.0,706.0,708.44,710.0,713.0,716.0,718.0,720.0,723.38,726.0,727.36,731.35,733.0,736.0,738.0,742.0,744.0,746.0,747.0,749.0,753.0,755.0,758.0,760.0,762.0,764.21,767.0,770.0,772.18,775.0,779.0,781.0,784.0,788.0,790.0,793.0,795.1,799.0,804.08,808.07,812.0,817.0,821.0,829.0899999999999,844.06,862.03,573.975,836.0,539.0,917.0,636.0,636.0
533.99,549.96,558.97,563.0,566.0,568.94,576.0,579.0,581.91,584.0,587.0,589.88,591.87,595.0,598.0,600.0,602.83,605.0,608.81,610.0,612.0,614.0,616.77,619.0,620.0,623.0,625.0,626.0,629.71,631.7,634.0,636.6800000000001,639.0,641.0,643.0,645.0,647.63,649.0,650.61,653.6,655.0,658.0,659.5699999999999,661.0,662.55,664.54,667.0,670.0,672.0,674.0,676.49,679.0,680.0,681.46,684.0,685.0,688.0,690.0,692.41,694.0,697.0,698.0,700.0,704.0,707.0,709.0,710.0,712.0,716.0,717.0,719.29,721.0,724.0,727.26,732.0,734.24,736.0,738.22,742.0,743.0,745.0,749.0,752.0,755.0,758.0,760.14,764.13,770.0,772.11,776.1,781.09,785.08,790.07,795.0,799.0,807.0799999999999,815.03,827.04,840.04,555.875,821.025,516.0,866.0,604.0,604.0
526.0,538.0,544.0,550.0,554.9,557.0,560.0,562.0,565.0,569.0,571.0,573.88,576.0,577.0,579.85,583.0,587.0,590.0,593.81,596.0,598.79,601.0,602.0,604.0,606.0,607.0,609.0,612.0,614.0,616.0,617.0,619.6800000000001,622.6700000000001,623.6600000000001,625.0,627.0,628.0,630.0,632.0,634.0,636.0,637.0,639.0,641.0,642.0,645.54,647.0,648.0,650.0,653.0,655.0,658.48,661.0,663.46,664.0,667.0,669.0,672.0,674.0,677.0,679.0,680.0,682.0,683.0,686.35,689.0,693.0,695.0,698.0,700.0,702.29,705.0,707.0,709.0,712.0,715.0,717.0,721.0,723.0,726.0,728.0,730.18,734.0,738.16,740.0,743.0,745.0,750.0,754.0,757.1,762.09,767.08,770.07,776.0,779.0,785.04,792.03,801.0,815.0699999999999,542.95,797.05,484.0,854.0,542.0,542.0
508.0,515.98,526.0,530.96,535.95,539.94,544.0,545.0,549.0,552.0,555.0,556.88,558.0,560.0,562.85,567.0,571.0,573.0,576.0,578.0,579.0,581.0,582.77,584.0,586.0,588.74,590.0,592.0,594.0,595.0,597.69,599.0,600.0,603.0,604.0,605.0,607.0,609.0,611.0,612.0,614.0,617.0,619.0,621.0,622.55,625.0,627.0,630.0,631.51,634.0,634.0,636.0,637.0,638.0,641.45,644.0,646.43,648.0,651.0,653.0,655.0,656.38,658.0,661.0,662.35,665.0,668.0,670.0,674.0,676.0,677.0,679.0,681.0,683.26,687.0,689.24,691.23,694.0,696.0,699.2,702.0,705.18,709.0,711.16,715.0,719.0,721.0,723.0,727.11,732.1,735.0,738.08,747.0,751.0,756.0,761.0,770.0,779.04,789.02,520.0,775.025,468.0,822.0,610.0,610.0
485.99,494.0,501.0,511.0,517.95,523.0,525.0,526.92,529.0,532.0,535.0,537.88,540.0,542.0,544.0,546.0,548.0,549.0,552.0,555.0,556.0,558.0,560.0,561.0,563.0,565.0,566.73,569.0,571.0,573.0,575.0,578.0,579.0,580.0,583.65,586.0,588.0,590.0,592.0,594.0,596.0,598.5799999999999,600.0,602.0,603.55,605.54,607.0,608.52,611.0,612.0,614.0,615.0,616.0,618.0,620.0,621.0,623.0,625.0,627.0,629.0,631.0,633.0,636.0,639.0,640.35,642.0,645.0,647.0,649.0,650.3,653.29,657.0,660.0,662.0,663.0,666.0,669.23,672.0,675.21,679.2,682.0,685.0,692.0,694.0,696.0,699.28,704.0,705.12,707.11,710.1,715.0,719.0,724.0,728.06,733.0,738.04,746.06,758.04,771.0,497.975,751.0,447.0,828.0,570.0,570.0
474.0,481.0,486.0,494.96,497.95,499.94,503.0,505.92,509.90999999999997,515.9,517.0,519.0,522.0,523.0,525.0,527.84,529.0,531.0,532.81,534.8,537.0,538.0,540.0,542.0,543.75,545.0,546.0,548.0,550.71,552.0,554.0,556.0,557.6700000000001,560.0,561.0,563.0,565.0,567.0,569.0,570.0,572.0,575.0,578.0,580.0,582.0,584.0,586.0,588.0,589.0,590.5,592.0,593.0,594.0,596.0,597.45,598.0,600.0,601.0,604.0,606.0,608.0,611.0,613.0,615.36,617.0,619.0,621.0,623.0,626.0,629.0,631.0,633.28,636.0,638.0,640.0,642.0,645.0,647.22,649.0,651.0,655.0,659.18,663.17,666.0,667.15,670.0,672.13,674.12,677.11,681.0,687.0,691.0,696.1400000000001,702.1799999999998,709.0,719.0,727.03,733.0,744.02,483.975,730.0,438.0,786.0,619.0,619.0
459.97,466.98,469.97,474.0,478.0,480.94,484.93,488.92,491.0,494.0,495.89,498.0,499.0,503.0,504.0,506.0,507.83000000000004,510.82,512.0,514.0,516.0,517.0,519.0,520.76,523.0,525.0,527.0,529.0,530.0,533.0,534.0,535.6800000000001,537.0,538.0,540.0,541.64,543.0,545.0,546.0,548.0,550.0,552.5799999999999,555.0,557.0,559.0,560.54,563.0,564.0,566.0,568.5,570.0,572.0,573.0,575.0,577.0,579.0,581.0,583.42,586.0,588.0,591.0,592.0,593.0,595.36,597.0,599.0,601.0,603.32,605.0,608.0,611.0,613.0,614.0,616.26,620.0,621.24,624.0,626.0,628.21,631.2,635.0,637.18,642.0,645.0,647.15,650.0,652.0,656.0,657.0,660.0,665.0,667.08,672.0,675.0,679.05,686.0,692.06,702.04,715.0699999999999,468.0,696.0,438.0,762.0,431.0,431.0
435.0,446.92,452.97,456.96,460.0,463.0,466.93,472.0,473.0,474.0,476.0,477.0,480.0,482.0,484.0,487.0,490.0,491.0,493.0,495.0,497.78999999999996,499.0,501.0,503.0,504.75,506.0,508.0,509.0,510.0,512.0,515.69,517.0,518.0,519.0,521.0,523.0,524.0,526.0,527.0,528.0,530.5899999999999,532.0,533.0,535.0,536.0,538.54,540.0,542.0,543.51,546.0,547.49,549.48,551.0,552.0,554.45,556.0,559.0,560.42,564.0,566.0,568.39,571.0,573.0,574.0,576.0,577.34,579.33,581.0,583.31,585.3,588.0,590.0,593.0,595.0,597.0,599.0,601.0,602.22,605.0,607.2,610.0,613.0,615.0,617.0,619.0,622.0,625.0,628.0,632.0,634.1,637.0,640.08,648.0,653.1199999999999,660.0,666.0,672.03,685.0,692.0,450.0,680.025,409.0,730.0,566.0,566.0
422.0,428.98,433.0,439.0,442.0,444.94,447.0,450.0,452.0,454.9,457.0,458.0,459.87,462.0,464.0,466.0,466.83000000000004,468.82,470.81,473.0,475.0,476.78,478.0,480.0,480.75,483.0,484.0,485.0,487.71,489.0,491.0,493.0,494.0,496.0,497.0,499.0,501.0,502.0,504.61,506.0,508.0,510.0,512.5699999999999,514.0,516.0,517.0,519.0,520.0,522.0,524.0,526.0,527.0,528.0,529.0,532.0,533.0,536.0,537.42,539.0,540.4,542.0,546.0,546.37,549.0,550.35,553.0,555.0,557.0,560.0,561.0,563.0,564.0,565.0,568.0,570.0,572.24,575.0,577.22,581.0,583.0,585.0,589.0,592.0,594.0,596.0,598.14,602.0,605.0,607.0,610.1,614.0,617.0,620.0,624.06,629.0,635.0,641.0,648.0,657.02,431.0,643.025,406.0,680.0,602.0,602.0
398.96,408.96,414.97,420.96,423.95,428.0,430.93,433.0,436.0,438.0,438.89,440.0,442.0,446.0,448.0,450.0,451.0,453.0,455.0,456.0,458.78999999999996,460.0,461.77,463.0,463.75,465.0,467.0,468.0,470.0,471.7,473.0,475.0,477.67,479.0,480.0,481.0,482.0,483.62,485.0,488.0,489.0,491.0,492.0,494.0,496.55,498.0,500.0,502.0,503.0,504.5,505.49,508.0,509.0,510.0,512.0,514.0,515.43,516.0,517.41,520.0,522.0,523.0,526.0,527.0,529.0,531.0,533.0,535.0,536.0,539.0,540.0,543.0,544.27,547.0,549.0,551.0,552.23,556.0,559.0,561.0,562.0,565.0,567.17,569.16,572.0,574.0,577.0,580.0,584.11,587.1,590.09,593.08,599.07,603.0,609.0,614.04,618.0,628.02,640.01,412.0,622.025,380.0,679.0,578.0,578.0
378.99,390.98,398.0,402.0,404.95,409.0,411.0,413.0,415.0,417.0,420.89,423.0,425.0,427.0,428.85,430.0,431.83000000000004,433.0,434.0,436.0,437.0,438.0,440.0,441.0,443.0,444.0,446.0,448.0,449.0,451.0,452.0,454.68,456.0,457.66,459.0,461.0,463.0,464.0,465.61,466.6,468.0,470.0,471.0,472.0,474.55,476.0,477.0,479.0,481.0,482.0,484.0,486.0,487.0,488.0,489.45000000000005,491.0,492.42999999999995,495.0,497.0,499.0,501.0,502.0,504.0,505.0,507.35,509.34000000000003,512.0,513.0,514.0,515.0,516.0,519.0,521.27,524.0,526.0,528.0,530.0,533.0,535.0,538.0,540.0,542.0,545.17,548.0,550.15,555.0,557.0,558.0,562.0,563.0,567.0,571.0,574.0,576.06,581.0,585.0,592.03,600.0799999999999,615.01,393.975,595.0,344.0,637.0,525.0,525.0
370.0,373.98,378.97,382.0,387.0,390.0,394.0,396.0,397.90999999999997,399.9,401.0,402.0,404.87,406.0,409.0,410.0,411.0,414.0,416.0,418.0,419.0,420.0,420.0,422.0,423.75,424.74,426.0,428.0,429.0,431.0,431.0,433.0,435.0,437.0,438.0,440.0,441.0,442.0,444.0,445.6,447.0,448.0,450.0,451.56,454.0,455.0,456.0,459.0,461.0,462.5,464.0,465.0,466.0,468.0,469.0,471.0,473.0,474.0,476.0,478.4,480.0,481.0,483.0,484.0,486.0,489.0,491.0,492.32000000000005,494.0,498.0,499.28999999999996,502.0,504.0,507.0,508.0,511.0,512.0,513.0,516.0,518.0,520.0,522.0,524.0,528.16,530.0,531.0,534.0,538.0,541.0,544.0,547.09,551.08,554.0,559.0,562.05,567.0,571.0,580.02,586.01,376.0,575.025,352.0,635.0,575.0,575.0
346.99,353.0,360.97,366.0,369.0,371.0,375.0,377.0,379.0,382.0,385.0,387.0,389.0,390.0,391.0,393.0,395.0,396.0,396.81,398.8,401.0,402.0,404.77,406.0,407.0,408.0,409.0,411.0,411.71,413.0,414.0,416.0,417.0,418.0,420.0,421.0,422.0,423.0,424.0,426.0,427.0,428.58,430.57,432.0,432.55,435.0,436.0,437.52,439.0,440.5,441.49,443.0,445.0,447.0,448.0,449.0,451.0,452.0,454.40999999999997,457.0,458.0,460.0,461.0,462.0,464.0,467.0,468.0,469.0,472.0,472.0,474.28999999999996,477.0,478.0,481.26,485.0,487.0,490.0,491.0,493.0,495.20000000000005,499.0,500.17999999999995,502.16999999999996,504.0,506.0,509.0,511.0,514.12,517.0,520.1,523.0,526.08,531.0,532.06,535.0,540.0,544.0,561.0,570.01,358.0,551.05,317.0,589.0,482.0,482.0
339.97,345.0,347.97,351.96,354.95,357.0,359.93,361.0,364.0,365.0,366.0,367.0,368.0,370.0,371.85,374.0,375.0,375.82,377.81,379.0,380.0,382.0,382.77,383.76,385.0,386.74,388.0,389.0,391.0,392.7,394.0,395.0,397.0,398.66,400.0,401.64,403.0,404.0,405.0,406.0,407.0,408.0,409.0,411.0,412.0,413.0,415.0,417.0,418.51,420.0,421.0,422.0,424.0,425.0,426.0,428.0,429.0,431.0,432.0,435.0,437.0,438.0,440.0,441.0,443.0,444.0,445.0,447.0,448.0,450.0,452.0,453.0,454.27,457.0,460.0,462.0,464.0,466.0,467.21000000000004,469.0,471.19000000000005,474.0,476.16999999999996,480.0,482.0,485.0,487.13,491.0,493.0,497.1,500.0,503.0,507.0,511.05999999999995,513.0,516.0,522.0,528.04,544.01,345.975,525.0,317.0,606.0,433.0,433.0
318.99,323.0,328.0,331.0,336.0,338.0,341.0,342.92,344.90999999999997,346.0,348.0,350.0,350.0,351.86,354.0,355.84000000000003,357.83000000000004,358.82,360.0,362.0,364.0,365.0,366.0,367.0,368.0,369.0,370.0,371.0,373.0,374.0,375.0,376.0,377.67,379.0,380.0,381.0,382.0,384.0,385.0,387.0,388.0,389.0,391.0,392.0,393.0,395.0,395.0,396.0,398.0,400.0,401.0,402.0,403.0,405.0,406.0,407.0,409.0,411.0,412.0,414.0,414.0,416.0,418.0,420.36,422.0,424.0,426.0,428.0,430.0,431.0,433.0,435.0,436.27,439.0,440.25,442.0,444.0,446.0,447.21000000000004,450.0,454.0,456.0,458.0,459.15999999999997,461.0,463.0,466.0,467.12,470.0,475.0,477.0,479.08000000000004,482.0,485.0,491.04999999999995,496.03999999999996,502.0,508.03999999999996,523.01,327.0,507.0,293.0,568.0,454.0,454.0
297.95,307.0,311.97,314.96,319.0,321.0,322.0,324.0,326.0,327.0,328.0,330.88,333.0,334.0,335.0,336.0,338.0,339.0,340.0,341.0,342.78999999999996,345.0,345.0,346.76,348.0,348.0,349.0,350.0,352.0,353.0,355.0,356.0,357.67,359.0,361.0,362.0,363.0,364.0,366.0,367.0,368.0,370.0,372.0,373.0,375.0,376.0,377.0,378.0,379.51,381.0,383.0,384.0,385.0,387.0,388.0,389.44000000000005,390.42999999999995,392.0,394.0,396.0,398.0,399.38,401.0,402.0,403.35,405.34000000000003,407.0,408.0,410.0,411.0,413.0,415.0,416.0,419.0,420.0,422.0,423.0,425.0,426.0,428.0,430.19000000000005,432.0,433.16999999999996,437.0,439.0,441.0,444.0,445.12,448.0,450.1,454.0,455.08000000000004,461.07000000000005,466.17999999999984,471.04999999999995,474.0,479.0,485.02,500.01,309.0,481.0,276.0,529.0,534.0,534.0
289.0,294.0,297.97,300.0,302.0,304.94,306.93,308.92,310.0,311.0,312.0,313.88,315.0,316.86,317.85,319.0,320.0,321.0,322.0,324.0,325.0,327.0,329.0,330.0,332.0,332.0,333.0,335.0,336.0,338.0,339.69,342.0,343.0,344.0,345.0,346.64,348.0,348.0,349.0,350.0,352.0,353.0,354.57,356.0,357.0,358.0,359.0,360.0,361.0,362.0,363.0,365.0,365.47,367.0,368.0,369.0,370.42999999999995,372.0,373.0,374.0,376.0,377.0,378.0,380.0,382.0,383.0,385.0,387.0,388.0,389.0,391.0,393.0,395.0,397.0,399.0,402.0,403.23,405.22,408.0,409.0,411.0,414.17999999999995,417.16999999999996,420.0,421.0,423.0,426.0,427.0,428.11,431.1,435.0,438.0,442.0,450.0,454.0,458.0,462.03,468.0,478.01,296.975,465.0,269.0,507.0,437.0,437.0
271.99,276.0,280.0,282.0,286.0,288.0,291.0,293.0,295.0,296.9,297.0,298.0,300.87,302.0,303.0,304.0,306.0,307.0,308.0,310.0,310.0,312.0,314.0,315.0,316.0,318.0,319.0,320.0,321.0,322.0,323.0,324.0,325.0,326.0,327.0,328.0,329.0,330.0,331.0,332.6,333.59,335.0,335.57,337.0,338.0,340.0,341.0,342.0,344.0,345.0,346.0,347.0,348.47,349.46000000000004,351.0,352.0,353.0,354.41999999999996,356.0,358.0,358.39,360.0,361.0,362.0,363.0,365.0,368.0,369.32000000000005,371.30999999999995,373.29999999999995,375.0,376.0,377.0,378.0,380.25,383.0,384.0,385.0,387.0,388.20000000000005,390.0,393.0,395.0,396.0,398.0,400.0,402.13,405.0,407.11,411.0,414.0,418.0,420.0,423.0,426.0,430.03999999999996,439.05999999999995,450.02,460.01,278.0,443.04999999999995,259.0,481.0,464.0,464.0
258.0,264.98,269.0,273.0,275.0,276.0,278.0,279.0,281.0,283.9,285.0,286.0,287.87,288.0,290.0,290.0,292.0,293.0,294.0,295.0,296.0,297.0,298.77,299.0,300.0,300.74,301.0,302.0,303.0,304.0,305.0,306.0,307.0,309.0,310.0,311.0,313.0,314.0,315.0,316.0,317.0,318.0,320.0,321.56,322.55,324.0,325.0,326.0,327.0,328.0,329.49,331.0,332.0,333.0,334.0,336.0,337.0,339.0,340.0,342.0,343.0,344.0,345.0,346.0,348.0,349.0,350.0,351.0,353.0,354.0,358.0,359.0,361.27,363.26,365.0,366.0,367.23,369.0,370.21000000000004,371.20000000000005,373.19000000000005,375.17999999999995,377.0,378.15999999999997,380.0,381.0,384.0,386.12,389.0,394.0,396.09000000000003,399.0,404.0,407.0,409.0,411.0,416.03,426.02,435.0,266.975,423.025,239.0,456.0,420.0,420.0
244.97,248.98,252.97,255.0,258.0,260.0,262.0,265.0,267.0,268.0,270.0,271.0,272.87,273.86,275.0,276.0,277.0,278.82,280.0,280.8,281.0,282.0,283.77,284.0,285.0,286.0,287.0,288.0,289.0,290.0,291.0,293.0,294.0,294.0,295.0,296.0,297.0,298.0,299.0,300.0,302.0,302.58,303.57,305.0,306.0,307.0,308.0,309.0,310.0,311.0,312.0,313.0,314.0,315.0,316.45000000000005,318.0,319.0,320.41999999999996,322.0,323.4,325.0,327.0,328.37,330.0,331.0,333.0,334.0,336.0,337.30999999999995,339.0,340.0,342.0,343.27,345.0,346.0,348.0,350.0,351.0,351.0,353.0,354.0,356.17999999999995,359.16999999999996,362.0,365.0,367.0,369.0,370.0,372.0,373.0,377.09000000000003,380.0,382.07000000000005,386.0,389.0,395.0,401.0,407.0,416.0,251.0,404.0,224.0,457.0,415.0,415.0
227.0,232.0,235.0,239.0,242.0,245.0,246.0,248.0,249.91,251.9,253.0,254.0,256.0,257.0,258.0,259.0,261.0,261.82,262.81,264.0,264.0,266.0,267.0,268.0,269.0,270.0,271.0,272.0,273.0,273.0,274.69,275.0,276.0,277.0,279.0,280.64,282.0,283.0,284.0,285.0,287.0,288.0,289.0,290.0,291.0,292.54,293.0,294.0,296.0,297.0,298.0,298.0,299.47,300.0,302.0,303.0,305.0,306.0,307.0,307.4,309.0,310.0,311.0,312.36,314.0,315.0,316.0,317.0,319.0,320.0,321.0,322.0,323.0,324.26,326.0,328.0,331.23,333.0,334.21000000000004,336.0,337.0,338.0,341.0,342.0,344.0,345.0,348.0,350.0,353.0,355.0,358.0,361.0,364.0,368.0,371.04999999999995,377.0,379.03,386.02,392.03,234.0,382.025,206.0,427.0,260.0,260.0
213.99,221.98,223.97,226.0,228.0,231.0,233.0,235.0,238.0,239.0,241.0,242.0,243.0,245.0,245.0,247.0,248.0,249.0,250.81,251.0,252.0,254.0,255.0,256.0,258.0,259.0,260.0,260.0,261.71,263.0,264.0,265.0,265.0,266.0,267.0,268.0,269.0,270.0,270.0,271.0,272.0,273.58,274.57,276.0,277.0,278.0,278.0,280.0,280.0,281.0,282.0,283.0,284.0,285.0,286.0,286.0,287.0,287.0,289.0,290.0,291.0,292.0,293.0,294.0,295.0,296.0,298.0,300.0,301.0,303.29999999999995,305.0,306.28,309.0,310.0,311.25,313.0,315.0,316.0,317.21000000000004,319.0,321.0,323.0,324.0,326.0,328.0,330.0,332.0,333.12,336.11,338.0,339.09000000000003,341.0,343.0,346.0,349.04999999999995,353.0,358.03,366.02,377.01,222.0,363.025,204.0,423.0,333.0,333.0
204.99,210.98,213.0,216.0,217.0,219.0,220.0,222.0,223.0,224.0,226.0,227.88,229.0,230.0,232.0,233.0,234.0,235.0,236.0,238.0,239.0,240.0,241.0,242.0,243.0,244.0,244.0,245.0,246.0,247.0,249.0,250.0,251.0,252.0,254.0,255.0,255.0,256.0,257.0,258.0,258.59,260.0,261.0,262.0,262.0,263.0,264.0,265.0,266.0,267.0,268.0,269.0,270.0,271.0,271.0,272.0,273.0,274.0,275.40999999999997,276.0,278.0,278.0,279.0,280.0,281.0,282.34000000000003,285.0,285.32000000000005,287.30999999999995,288.0,290.0,291.0,292.0,293.0,295.0,296.0,298.0,299.0,300.21000000000004,302.0,303.19000000000005,305.0,307.0,308.0,310.15,313.0,315.0,316.12,319.0,321.0,323.0,326.0,328.0,330.05999999999995,335.04999999999995,342.03999999999996,346.03,351.0,360.0,212.0,348.025,185.0,383.0,382.0,382.0
194.0,199.0,201.0,202.0,205.0,207.0,209.0,210.0,211.0,213.0,216.0,217.0,218.0,220.0,221.0,222.0,223.0,224.0,226.0,227.0,227.0,228.0,229.0,229.76,231.0,232.0,232.0,233.0,234.0,234.7,236.0,236.0,237.0,238.0,238.0,239.0,240.0,241.0,242.0,242.0,243.0,244.0,245.0,246.0,247.0,248.0,249.0,250.0,251.0,252.0,253.0,254.0,255.0,255.0,256.0,258.0,259.0,260.0,261.0,262.0,263.0,264.0,265.0,266.0,267.0,268.34000000000003,270.0,271.0,272.0,274.0,275.0,276.0,278.0,279.0,280.0,282.0,283.0,284.0,285.21000000000004,287.0,288.0,290.0,292.0,293.0,295.15,298.0,300.0,302.0,305.0,306.0,310.0,312.08000000000004,314.0,316.0,318.04999999999995,322.0,326.03,335.02,344.01,200.0,328.025,171.0,381.0,323.0,323.0
177.99,183.98,188.0,192.96,196.0,197.0,199.0,201.0,202.0,203.9,204.0,206.0,207.0,207.0,208.0,209.0,210.0,211.0,212.0,212.0,213.79,214.0,215.0,216.0,217.0,218.0,218.0,219.0,220.0,221.0,222.0,223.0,224.0,225.0,226.0,226.64,227.0,228.0,229.0,230.0,231.0,232.0,233.0,233.0,234.0,235.0,236.0,237.0,238.0,239.0,240.0,241.0,242.0,243.0,245.0,246.0,246.42999999999995,247.0,248.0,249.0,250.0,250.0,251.0,252.0,253.0,254.0,256.0,257.0,258.0,259.0,260.0,262.0,263.0,264.0,266.0,267.0,268.0,269.0,270.21000000000004,272.0,273.0,275.0,277.0,277.0,279.0,280.0,281.0,284.0,285.0,287.0,292.0,295.0,297.0,301.0,304.0,306.03999999999996,309.03,312.0,324.01,186.0,310.025,153.0,349.0,285.0,285.0
171.99,177.0,179.0,182.96,185.0,186.0,188.0,189.0,190.91,191.0,192.0,193.0,195.0,196.0,197.85,198.0,199.0,200.0,201.0,202.0,203.0,204.0,205.0,205.0,206.0,206.0,207.0,208.0,208.0,210.0,210.0,211.0,212.0,212.0,213.0,214.0,214.0,215.0,216.0,217.0,218.0,219.0,220.0,221.0,222.0,222.0,223.0,224.0,224.51,225.5,226.0,227.0,228.0,229.0,230.0,231.0,232.0,233.0,234.0,235.0,236.0,237.0,238.0,239.0,240.0,241.0,242.0,243.0,244.0,246.0,247.0,247.0,249.0,250.0,251.0,252.0,253.23000000000002,255.0,256.0,257.0,259.0,260.0,262.0,264.0,266.0,267.0,269.0,270.0,272.0,275.0,277.0,279.0,281.0,285.0,288.04999999999995,291.0,293.03,299.0,305.0,178.0,295.0,163.0,344.0,269.0,269.0
160.97,164.0,166.97,169.96,172.0,173.0,174.0,176.0,178.0,179.0,180.0,182.0,183.0,183.0,184.0,184.0,185.0,186.0,187.0,188.0,189.0,189.0,191.0,191.0,192.0,193.0,194.0,195.0,197.0,198.0,198.0,199.0,200.0,200.66000000000003,201.0,202.0,203.0,204.0,204.61,206.0,207.0,208.0,209.0,210.0,211.0,211.0,212.0,213.0,214.0,215.0,216.0,217.0,217.0,218.0,219.0,220.0,221.0,222.0,223.0,223.39999999999998,225.0,226.0,227.0,228.0,228.35000000000002,230.0,231.0,232.0,233.0,233.0,234.0,235.27999999999997,237.0,238.0,239.0,241.0,242.0,243.0,244.0,245.0,245.0,246.17999999999995,248.0,249.0,250.14999999999998,252.0,253.0,256.0,258.11,262.0,265.09000000000003,267.08000000000004,269.0,271.0,274.0,275.03999999999996,280.0,284.0,292.03999999999996,165.0,282.0,148.0,323.0,474.0,474.0
146.99,152.0,157.0,159.0,161.95,163.0,164.0,165.0,166.0,168.0,169.0,170.88,172.0,173.0,173.0,175.0,176.0,177.0,177.0,178.8,180.0,181.0,182.0,182.0,182.0,183.0,184.0,185.0,186.0,186.0,187.0,188.0,189.0,190.0,190.64999999999998,191.0,192.0,193.0,194.0,194.0,195.0,196.0,196.0,197.0,198.0,199.0,200.0,201.0,202.0,202.0,203.0,203.0,204.0,204.0,205.0,206.0,207.0,208.0,209.0,210.0,211.0,211.0,212.0,213.0,214.0,216.0,217.0,218.0,219.0,220.0,221.0,222.0,223.0,224.0,225.0,226.24,228.0,229.22000000000003,231.0,232.0,234.0,235.0,237.0,238.0,240.0,241.0,242.13,244.12,245.11,248.0,250.0,252.0,255.0,257.0,259.0,263.0,266.03,271.03999999999996,279.02,155.0,268.025,133.0,322.0,174.0,174.0
141.98,146.0,148.0,149.96,152.95,154.0,156.0,157.0,158.0,159.0,160.0,161.0,161.87,162.86,163.0,164.0,165.0,166.82,167.0,168.0,169.0,170.0,170.0,170.76,171.0,172.0,172.0,173.0,174.0,175.0,175.69,176.0,177.0,178.0,178.64999999999998,179.0,180.0,181.0,181.0,182.0,183.0,184.0,186.0,186.0,187.0,188.0,189.0,189.0,190.0,191.5,192.49,194.0,195.0,195.0,196.0,197.0,198.0,199.0,199.40999999999997,200.0,201.0,202.0,203.0,203.36,204.0,205.0,206.0,207.32000000000005,208.0,209.0,210.0,212.0,212.0,213.0,215.25,216.0,217.0,218.0,220.0,220.0,221.0,222.17999999999995,223.16999999999996,224.0,226.0,227.0,228.13,230.0,231.0,232.10000000000002,235.0,237.08000000000004,240.0,242.0,245.0,248.0,252.0,255.01999999999998,263.01,147.0,254.0,130.0,291.0,195.0,195.0
130.99,136.0,138.97,140.0,142.0,144.0,146.0,148.0,149.0,149.0,151.0,151.88,152.0,154.0,155.0,156.0,157.0,158.0,159.0,160.0,160.0,161.0,161.0,162.0,162.75,164.0,165.0,166.0,166.0,166.7,167.0,167.0,168.0,169.0,169.0,170.0,171.0,172.0,173.0,173.0,174.0,175.0,176.0,176.56,177.0,178.0,178.0,179.0,179.0,180.5,181.0,182.0,183.0,184.0,184.0,185.0,186.0,186.0,187.0,188.0,189.0,190.0,191.0,191.0,192.35000000000002,194.0,195.0,196.0,198.0,199.0,200.0,201.0,202.0,203.0,203.0,204.24,205.0,206.0,207.0,208.0,209.0,210.0,211.16999999999996,213.0,214.0,215.0,217.0,218.0,220.0,222.0,224.0,225.0,227.07000000000005,231.0,233.04999999999995,236.03999999999996,239.0,242.03999999999996,246.01,137.0,240.04999999999995,103.0,259.0,236.0,236.0
124.99,129.0,132.0,133.0,135.0,136.94,137.93,138.0,139.0,140.0,141.0,141.0,143.0,144.0,145.0,145.0,146.0,146.0,147.0,148.0,148.79,149.0,150.0,151.0,151.0,152.0,153.0,154.0,154.70999999999998,155.0,156.0,156.0,157.67000000000002,159.0,159.0,160.0,161.0,161.0,162.0,163.0,163.0,164.0,165.0,166.0,166.0,167.0,167.0,168.0,168.0,169.0,170.0,171.0,172.0,173.0,174.0,175.0,175.0,176.0,177.0,178.0,179.0,180.38,182.0,182.0,183.0,184.0,186.0,187.0,188.0,188.0,189.0,190.0,191.0,192.0,193.0,194.0,195.0,196.0,196.21000000000004,197.20000000000005,198.0,200.0,202.0,203.0,204.0,205.0,206.0,208.0,209.0,210.0,211.09000000000003,213.0,215.0,218.05999999999995,220.0,223.0,227.0,230.03999999999996,240.02999999999997,130.0,228.02499999999998,113.0,249.0,369.0,369.0
112.98,117.0,121.0,123.0,125.0,126.94,128.93,129.0,130.0,131.0,132.0,133.0,135.0,136.0,136.85,138.0,139.0,140.0,140.0,141.0,141.79,143.0,143.77,145.0,145.0,146.0,146.73000000000002,147.0,148.0,149.0,149.0,150.0,151.0,151.0,152.0,152.0,153.0,153.0,154.0,155.0,155.0,156.0,156.0,158.0,158.0,159.0,160.0,160.0,161.0,161.0,162.0,163.0,164.0,164.0,165.0,166.0,167.0,167.0,168.0,169.0,169.0,170.0,170.0,171.0,172.0,173.0,174.0,174.32000000000005,175.0,176.0,177.0,177.0,179.0,179.0,180.0,181.0,182.0,183.0,184.21000000000004,185.0,187.0,188.0,189.0,190.0,191.14999999999998,193.0,194.0,195.12,197.0,198.0,200.0,201.0,204.0,206.0,208.0,210.0,214.0,221.0,226.01999999999998,120.0,216.0,98.0,247.0,274.0,274.0
107.99,111.0,113.0,115.0,118.0,119.0,121.0,121.0,123.0,124.0,125.0,126.0,127.0,128.0,128.0,129.0,130.0,131.0,132.0,133.0,133.0,134.0,134.0,135.0,136.0,136.74,137.0,138.0,139.0,139.0,140.0,140.0,141.0,141.0,142.0,142.0,143.0,144.0,144.61,145.0,146.0,146.0,147.0,148.0,148.0,149.0,149.0,150.0,150.0,151.0,152.0,153.0,154.0,155.0,156.0,157.0,157.0,158.0,159.0,160.0,160.0,161.0,162.0,162.0,163.0,164.0,165.0,166.0,167.0,168.0,169.0,170.0,171.0,172.0,173.0,174.0,174.0,175.22000000000003,177.0,178.0,178.0,179.0,180.0,181.0,182.0,183.0,184.0,185.0,187.0,188.0,190.0,191.0,193.0,196.0,199.0,201.0,203.02999999999997,208.0,211.01,112.0,207.0,95.0,234.0,243.0,243.0
100.99,105.0,106.97,109.0,111.0,111.94,112.93,114.0,115.0,116.0,117.0,118.0,119.0,120.0,121.0,122.0,123.0,124.0,125.0,126.0,126.78999999999999,127.0,127.0,128.0,128.0,129.0,129.0,130.0,131.0,131.0,132.0,132.0,133.0,134.0,134.0,135.0,135.0,136.0,137.0,137.0,138.0,138.0,139.0,139.0,140.0,140.0,141.0,142.0,142.0,143.0,143.0,144.0,144.47000000000003,145.0,146.0,147.0,148.0,148.0,149.0,150.0,150.0,151.38,152.0,153.0,154.0,154.0,155.0,156.0,157.0,158.0,158.0,159.0,160.0,161.0,162.0,163.0,164.0,165.0,165.0,167.0,167.0,168.17999999999995,169.0,171.0,172.0,174.0,175.0,176.0,178.0,180.0,181.0,182.0,184.0,186.0,188.0,190.0,193.02999999999997,197.01999999999998,203.01,105.975,195.0,79.0,216.0,194.0,194.0
94.0,97.98,100.0,101.96000000000001,103.0,104.0,105.93,107.0,108.0,109.0,110.0,111.0,112.0,112.0,113.0,114.0,115.0,116.0,117.0,118.0,119.0,119.0,120.0,121.0,121.0,121.74000000000001,122.0,122.0,123.0,123.0,124.0,124.0,125.0,125.0,125.64999999999998,126.0,127.0,128.0,128.61,129.0,130.0,130.0,131.0,132.0,132.0,132.0,133.0,134.0,135.0,135.0,136.0,137.0,138.0,139.0,139.0,140.0,140.42999999999995,141.0,142.0,143.0,143.39,144.0,145.0,145.0,146.0,147.0,147.0,148.0,149.0,150.0,150.0,151.0,151.0,152.0,153.0,154.0,155.0,156.22000000000003,158.0,158.0,159.0,160.17999999999995,161.0,162.0,163.0,164.0,166.0,167.0,169.0,171.0,172.0,174.0,175.0,176.0,178.0,180.03999999999996,185.0,189.0,197.01,99.0,187.0,84.0,215.0,165.0,165.0
87.99,90.0,93.0,96.0,97.0,98.0,99.93,100.0,101.91,103.0,104.0,105.0,106.0,106.0,107.0,108.0,109.0,109.0,110.0,110.0,111.0,111.0,112.0,113.0,113.0,114.0,114.0,115.0,116.0,117.0,117.0,118.0,118.0,118.0,119.0,120.0,120.0,121.0,121.0,122.0,122.0,123.0,123.0,124.0,125.0,125.0,126.0,126.0,127.0,127.0,128.0,129.0,130.0,130.0,131.0,131.0,132.0,132.0,133.0,133.0,134.0,134.0,135.0,135.0,136.0,136.34000000000003,137.0,138.0,138.0,139.0,140.0,141.0,141.26999999999998,143.0,144.0,145.0,145.0,146.22000000000003,147.0,148.0,149.0,150.0,151.0,151.0,152.0,153.14,154.0,155.0,156.11,157.0,158.09000000000003,160.0,162.0,164.0,167.0,169.0,171.02999999999997,174.0,178.01,92.0,173.0,76.0,196.0,179.0,179.0
82.0,84.98,88.0,90.0,92.0,93.0,94.0,95.0,96.0,97.0,98.0,99.0,100.0,100.86000000000001,101.0,102.0,102.0,103.0,104.0,104.0,105.0,105.0,106.0,107.0,107.0,108.0,108.0,109.0,109.0,110.0,110.0,111.0,111.67000000000002,112.0,112.0,113.0,114.0,114.0,115.0,115.0,116.0,117.0,117.0,118.0,119.0,119.0,119.0,120.0,120.0,121.0,121.0,122.0,122.0,123.0,123.45000000000005,124.0,125.0,125.0,126.0,127.0,127.0,128.0,128.37,129.0,130.0,131.0,131.0,132.0,133.0,133.0,134.0,134.0,135.0,136.0,137.0,137.0,138.0,139.0,140.0,141.0,141.0,142.0,143.0,145.0,145.0,146.0,147.0,149.0,150.0,151.0,152.0,154.0,155.07000000000005,157.0,160.0,163.0,165.0,169.0,176.01,86.0,166.0,75.0,192.0,172.0,172.0
76.0,79.0,82.0,84.0,85.95,87.0,88.0,89.0,90.91,91.0,92.0,93.0,94.0,94.0,95.0,95.0,96.0,97.0,98.0,98.0,99.0,99.0,100.0,100.0,101.0,101.0,102.0,102.0,103.0,104.0,104.0,105.0,106.0,106.0,106.0,107.0,107.0,107.0,108.0,109.0,109.0,110.0,110.0,111.0,111.0,112.0,112.0,113.0,113.0,113.5,114.0,114.0,115.0,116.0,116.0,117.0,117.0,118.0,118.0,118.0,119.0,119.38,120.0,121.0,122.0,122.0,123.0,123.0,124.0,125.0,125.0,126.0,126.26999999999998,127.0,127.25,128.0,129.0,130.0,130.21000000000004,131.0,132.0,133.0,134.0,135.0,136.0,136.14,138.13,139.0,141.11,143.0,145.0,147.08000000000004,149.0,150.05999999999995,153.0,154.0,157.0,158.03999999999996,165.02999999999997,81.0,157.0,67.0,175.0,195.0,195.0
68.99,75.0,76.97,79.0,80.0,81.0,83.0,83.0,84.0,85.0,85.89,86.0,87.0,88.0,88.0,88.0,89.0,90.0,90.81,91.0,92.0,92.0,93.0,93.0,94.0,94.0,95.0,95.0,95.0,96.0,96.0,97.0,97.0,98.0,98.0,99.0,99.0,100.0,100.0,100.0,101.0,102.0,102.0,103.0,103.0,104.0,104.0,105.0,105.0,106.0,106.49000000000001,107.0,108.0,108.0,108.0,109.0,109.0,110.0,110.40999999999997,111.0,112.0,112.0,113.0,113.0,114.0,115.0,115.0,116.0,117.0,118.0,118.0,119.0,119.26999999999998,120.0,121.0,121.0,122.23000000000002,123.0,124.0,125.0,126.0,127.0,128.0,129.0,129.0,131.0,132.0,133.0,134.0,135.0,136.0,137.0,138.07000000000005,140.0,143.0,144.03999999999996,147.02999999999997,152.0,156.01,76.0,150.0,61.0,166.0,262.0,262.0
67.0,69.98,71.0,73.0,74.0,75.0,76.0,78.0,78.91,80.0,81.0,81.0,82.0,82.0,83.0,83.0,84.0,85.0,86.0,86.0,86.0,87.0,88.0,89.0,89.0,90.0,90.0,91.0,91.0,92.0,92.0,93.0,93.0,94.0,94.0,95.0,95.0,95.0,96.0,96.0,96.0,97.0,97.0,98.0,98.0,99.0,99.0,99.0,100.0,100.0,101.0,101.0,102.0,102.0,103.0,104.0,104.0,104.0,105.0,106.0,106.0,107.0,107.0,108.0,109.0,109.0,110.0,110.0,110.0,111.0,111.0,112.0,113.0,114.0,114.0,115.0,116.0,116.0,117.0,118.0,119.0,120.0,120.0,121.0,122.14999999999998,124.0,125.0,126.0,126.11000000000001,127.0,128.0,129.0,130.0,131.0,132.0,134.0,137.0,140.01999999999998,147.01,70.0,139.0,52.0,157.0,242.0,242.0
62.0,64.0,66.0,68.0,71.0,71.94,73.0,74.0,75.0,75.0,76.0,76.0,77.0,77.0,78.0,79.0,79.0,80.0,80.0,81.0,81.0,82.0,82.0,82.75999999999999,83.0,84.0,84.0,85.0,85.0,86.0,86.0,87.0,87.0,88.0,88.0,88.0,89.0,89.0,89.0,90.0,90.0,90.57999999999998,91.0,92.0,92.0,92.0,93.0,93.0,94.0,94.0,95.0,95.0,96.0,96.0,96.0,97.0,98.0,98.0,99.0,99.0,100.0,100.0,101.0,101.0,102.0,103.0,103.0,103.0,104.0,104.29999999999995,105.0,106.0,107.0,107.0,108.0,108.0,109.0,110.0,111.0,112.0,112.0,113.0,114.0,115.0,116.0,117.0,118.0,119.0,120.0,121.0,122.0,124.0,125.0,126.0,128.04999999999995,130.0,133.0,136.0,140.01,65.0,134.0,55.0,162.0,153.0,153.0
58.0,60.0,62.0,64.0,65.0,66.0,67.0,68.0,69.0,69.0,70.0,71.0,71.0,72.0,72.85,73.0,74.0,74.0,75.0,75.0,76.0,76.0,77.0,77.75999999999999,78.0,79.0,79.0,79.72000000000003,80.0,80.0,81.0,81.0,81.67000000000002,82.0,82.0,83.0,84.0,84.0,85.0,85.0,85.0,86.0,86.0,87.0,87.0,87.0,88.0,88.0,89.0,89.0,89.0,89.0,90.0,90.0,90.0,91.0,91.0,92.0,92.40999999999997,93.0,94.0,94.0,95.0,95.0,96.0,97.0,97.0,98.0,98.0,99.0,99.0,100.0,100.0,101.0,101.0,102.0,103.0,103.0,104.0,104.20000000000005,105.0,106.0,106.16999999999996,107.0,108.0,109.0,110.0,111.0,111.0,112.0,113.0,114.08000000000004,116.07000000000005,118.05999999999995,120.0,122.0,124.0,127.01999999999998,131.01,60.975,126.0,55.0,143.0,145.0,145.0
51.99,57.0,59.0,60.96,61.0,62.0,62.93000000000001,63.0,64.0,65.0,65.0,66.0,66.87,67.0,67.0,68.0,69.0,70.0,70.0,71.0,71.0,72.0,72.0,73.0,73.0,74.0,74.0,74.0,75.0,75.69999999999999,76.0,76.0,77.0,77.0,78.0,78.0,78.0,79.0,79.0,79.0,80.0,80.0,80.57,81.0,81.0,82.0,82.0,83.0,83.0,84.0,84.0,84.48000000000002,85.0,85.0,86.0,86.0,87.0,87.0,88.0,88.0,89.0,89.0,90.0,91.0,91.0,92.0,92.0,93.0,93.0,94.0,94.28999999999996,95.0,96.0,96.0,97.0,97.0,98.0,98.0,99.0,99.0,100.0,101.0,102.0,103.0,103.14999999999998,104.0,105.0,106.0,107.0,109.0,109.0,112.0,113.0,113.0,115.0,116.0,118.0,121.0,125.0,58.0,119.0,39.0,143.0,99.0,99.0
49.0,51.0,52.0,55.0,56.0,57.0,57.0,58.0,59.0,60.0,61.0,62.0,62.0,63.0,64.0,64.0,64.0,65.0,65.0,66.0,66.0,66.78,67.0,67.0,68.0,69.0,69.0,70.0,70.0,70.0,71.0,71.0,72.0,72.0,72.0,73.0,73.0,73.0,74.0,74.0,74.0,75.0,75.0,76.0,76.0,77.0,77.0,78.0,78.0,78.0,78.0,79.0,79.0,80.0,80.0,80.0,80.0,81.0,81.40999999999997,82.0,82.38999999999999,83.0,83.0,84.0,84.0,85.0,86.0,86.0,87.0,87.0,87.0,88.0,89.0,89.25999999999999,90.0,91.0,91.23000000000002,92.0,93.0,93.0,94.0,94.0,95.0,96.0,96.0,97.0,98.0,99.0,100.0,101.0,101.0,103.0,104.0,106.05999999999995,109.0,111.03999999999996,114.0,117.0,120.00999999999999,52.0,115.0,43.0,140.0,162.0,162.0
45.0,47.0,48.97,50.0,51.0,53.0,54.0,55.0,56.0,57.0,57.0,58.0,59.0,59.0,60.0,60.0,60.0,61.0,62.0,62.0,62.78999999999999,63.0,63.0,64.0,64.0,64.0,65.0,65.0,66.0,66.0,66.0,67.0,67.0,68.0,68.0,69.0,69.0,69.0,69.0,70.0,70.0,70.0,71.0,71.0,72.0,72.0,73.0,73.0,73.0,74.0,74.0,74.0,75.0,75.0,76.0,76.0,76.42999999999995,77.0,77.40999999999997,78.0,78.0,79.0,79.0,80.0,80.0,81.0,81.0,81.32000000000005,82.0,82.0,83.0,83.0,84.0,84.0,85.0,85.0,86.0,87.0,87.0,88.0,88.19000000000005,89.0,90.0,90.0,91.0,92.0,92.0,93.0,93.11000000000001,94.0,95.0,97.0,98.0,99.0,101.0,103.03999999999996,106.0,109.0,112.00999999999999,48.0,107.0,36.0,129.0,161.0,161.0
42.0,43.980000000000004,45.0,46.0,48.0,49.0,50.0,51.0,52.0,53.0,54.0,54.0,55.0,56.0,56.0,57.0,57.0,57.0,58.0,58.0,59.0,59.0,59.0,60.0,60.0,60.0,61.0,61.0,62.0,62.0,62.0,63.0,63.0,63.0,64.0,64.0,64.0,65.0,65.0,66.0,66.0,66.57999999999998,67.0,67.56,68.0,68.0,68.0,69.0,69.0,69.0,70.0,70.0,70.0,71.0,71.0,72.0,72.0,72.0,73.0,73.0,73.0,74.0,74.0,75.0,75.0,76.0,76.0,77.0,77.0,77.0,78.0,78.0,79.0,79.0,80.0,80.0,81.0,81.0,82.0,83.0,83.0,84.0,85.0,86.0,86.0,87.0,88.0,88.0,89.0,90.0,91.0,92.0,92.0,94.0,95.0,97.0,99.02999999999997,102.0,107.0,45.0,100.0,39.0,121.0,156.0,156.0
39.99,42.980000000000004,44.0,45.0,46.0,47.0,48.0,49.0,49.0,49.900000000000006,50.0,51.0,51.0,51.0,52.0,52.0,53.0,53.0,54.0,54.0,54.78999999999999,55.0,55.0,55.75999999999999,56.0,56.0,57.0,57.0,58.0,58.0,58.0,58.68000000000001,59.0,59.0,60.0,60.0,60.0,61.0,61.0,61.0,61.0,62.0,62.0,62.56,63.0,64.0,64.0,64.0,65.0,65.0,65.0,66.0,66.0,66.46000000000004,67.0,67.44000000000005,68.0,68.0,69.0,69.0,69.0,70.0,70.0,70.0,71.0,71.0,72.0,72.0,73.0,73.0,74.0,74.0,75.0,75.0,75.0,76.0,76.0,77.0,77.0,78.0,78.0,79.0,80.0,80.0,81.0,81.0,82.0,83.0,83.11000000000001,84.0,85.0,87.0,88.0,90.0,91.0,93.0,94.02999999999997,97.0,101.0,43.975,95.0,31.0,113.0,130.0,130.0
36.99,39.0,41.0,42.0,43.0,43.0,44.0,44.0,45.0,46.0,46.0,47.0,47.0,47.0,48.0,48.0,49.0,49.0,50.0,50.0,50.0,51.0,51.0,52.0,52.0,52.0,53.0,53.0,53.0,54.0,54.69,55.0,55.0,56.0,56.0,56.0,56.0,57.0,57.0,57.0,58.0,58.0,58.0,59.0,59.0,59.0,60.0,60.0,60.0,61.0,61.0,61.0,62.0,62.0,62.0,63.0,63.0,63.0,64.0,64.0,64.0,65.0,65.0,65.0,66.0,66.0,67.0,67.0,67.30999999999995,68.0,68.0,69.0,69.0,70.0,70.0,71.0,71.0,72.0,72.0,73.0,73.19000000000005,74.0,75.0,75.15999999999997,76.0,77.0,78.0,79.0,80.0,81.0,82.0,83.0,84.0,84.05999999999995,86.0,89.0,90.0,93.0,96.0,40.0,91.0,29.0,104.0,119.0,119.0
34.0,35.0,37.0,37.0,38.0,39.0,41.0,41.92,43.0,44.0,44.0,44.0,45.0,45.860000000000014,46.0,47.0,47.0,47.0,48.0,48.0,49.0,49.0,49.0,49.75999999999999,50.0,50.0,51.0,51.0,52.0,52.0,52.0,53.0,53.0,53.0,53.0,54.0,54.0,54.0,55.0,55.0,55.0,56.0,56.0,56.0,56.0,57.0,57.0,57.0,57.0,58.0,58.0,58.0,59.0,59.0,60.0,60.0,60.0,60.0,61.0,61.0,61.0,61.0,62.0,62.0,63.0,63.0,63.0,64.0,64.0,64.29999999999995,65.0,65.0,66.0,66.0,67.0,67.0,67.0,68.0,68.0,69.0,69.0,69.0,70.0,71.0,72.0,72.0,73.0,73.0,74.0,74.0,75.0,76.0,77.07000000000005,79.0,81.0,82.0,84.0,87.0,91.0,36.0,85.0,24.0,100.0,50.0,50.0
32.0,33.0,35.0,36.0,37.0,37.94,38.0,39.0,40.0,40.0,41.0,41.0,42.0,42.0,42.0,43.0,43.0,43.0,44.0,44.0,45.0,45.0,45.0,45.75999999999999,46.0,46.0,46.0,47.0,47.0,47.69999999999999,48.0,48.0,48.0,49.0,49.0,50.0,50.0,50.0,50.0,51.0,51.0,51.0,51.0,52.0,52.0,52.0,52.52999999999997,53.0,53.0,53.0,54.0,54.0,54.0,55.0,55.0,55.0,56.0,56.0,56.0,57.0,57.0,57.0,57.370000000000005,58.0,59.0,59.0,59.0,60.0,60.0,61.0,61.0,62.0,62.0,62.25999999999999,63.0,63.0,64.0,64.0,64.0,65.0,65.0,66.0,66.0,67.0,68.0,68.0,68.0,69.0,70.0,70.10000000000002,72.0,72.0,73.0,75.0,76.0,77.0,79.0,82.0,86.01999999999998,34.0,80.0,28.0,107.0,92.0,92.0
29.0,31.0,32.0,33.0,34.0,35.0,35.0,36.0,37.0,37.0,38.0,38.0,39.0,39.0,40.0,40.0,41.0,41.0,41.0,41.0,42.0,42.0,42.0,43.0,43.0,44.0,44.0,44.0,44.0,45.0,45.0,45.0,46.0,46.0,46.0,46.0,47.0,47.0,47.0,48.0,48.0,48.0,49.0,49.0,49.55000000000001,50.0,50.0,50.0,51.0,51.0,51.0,51.0,52.0,52.0,52.0,53.0,53.0,53.0,54.0,54.0,54.0,55.0,55.0,55.0,56.0,56.0,56.0,57.0,57.0,57.0,58.0,58.0,58.0,59.0,59.0,59.0,60.0,60.0,61.0,61.0,62.0,62.0,63.0,64.0,64.14999999999998,65.0,66.0,67.0,67.0,68.0,69.0,70.0,71.0,71.0,72.0,73.0,75.0,78.0,82.00999999999999,32.0,76.0,20.0,92.0,78.0,78.0
25.990000000000002,28.0,30.0,30.0,31.0,32.0,32.93000000000001,33.0,34.0,34.0,35.0,35.0,36.0,36.0,37.0,37.0,38.0,38.0,39.0,39.0,39.0,40.0,40.0,40.0,41.0,41.0,41.0,42.0,42.0,42.0,43.0,43.0,43.0,43.0,44.0,44.0,44.0,45.0,45.0,45.0,45.0,46.0,46.0,46.0,46.0,46.54000000000002,47.0,47.0,47.0,48.0,48.0,48.0,48.0,49.0,49.0,49.0,49.0,50.0,50.0,50.0,51.0,51.0,51.0,51.360000000000014,52.0,52.0,53.0,53.0,53.0,54.0,54.0,54.0,55.0,55.0,55.0,56.0,56.0,57.0,57.0,58.0,58.0,59.0,59.0,60.0,60.0,61.0,61.0,61.0,62.0,62.10000000000002,63.0,64.08000000000004,65.0,66.0,67.0,68.0,69.0,71.0,74.0,28.0,70.0,21.0,86.0,117.0,117.0
24.0,25.98,27.0,27.96,28.0,29.0,31.0,31.0,32.0,32.0,32.0,33.0,33.0,33.0,34.0,34.0,34.0,35.0,35.0,35.0,36.0,36.0,36.0,37.0,37.0,37.0,38.0,38.0,38.0,38.0,39.0,39.0,40.0,40.0,40.0,41.0,41.0,41.0,42.0,42.0,42.0,43.0,43.0,43.0,43.0,43.0,44.0,44.0,44.0,45.0,45.0,45.0,45.0,46.0,46.0,46.0,47.0,47.0,47.0,47.0,48.0,48.0,48.0,48.0,49.0,49.0,49.0,50.0,50.0,50.0,50.0,51.0,51.0,51.0,52.0,52.0,53.0,53.0,53.0,54.0,54.0,55.0,55.0,56.0,56.0,57.0,57.129999999999995,58.0,59.0,59.10000000000002,60.0,61.0,62.0,63.0,64.0,65.0,67.02999999999997,70.0,72.00999999999999,26.0,69.0,21.0,78.0,70.0,70.0
23.0,24.98,26.0,27.0,28.0,28.0,29.0,30.0,30.0,30.0,31.0,31.0,31.0,32.0,32.0,33.0,33.0,34.0,34.0,34.0,34.0,35.0,35.0,35.0,35.0,36.0,36.0,36.0,37.0,37.0,37.0,38.0,38.0,38.0,38.0,39.0,39.0,39.0,39.0,40.0,40.0,40.0,41.0,41.0,41.0,41.0,42.0,42.0,42.0,42.0,42.0,43.0,43.0,43.0,43.0,44.0,44.0,44.0,45.0,45.0,45.0,45.0,46.0,46.0,46.0,47.0,47.0,47.0,48.0,48.0,48.0,48.0,49.0,49.0,50.0,50.0,50.0,50.0,51.0,51.0,51.0,52.0,52.0,53.0,53.0,53.0,54.0,54.0,55.0,55.10000000000002,56.0,57.0,57.0,58.0,60.0,61.0,62.02999999999997,64.01999999999998,68.0,25.0,63.0,20.0,74.0,87.0,87.0
19.990000000000002,22.0,23.0,24.0,25.0,26.0,26.0,27.0,27.0,28.0,28.0,29.0,29.0,30.0,30.0,30.0,31.0,31.0,31.0,32.0,32.0,32.0,33.0,33.0,33.0,33.0,34.0,34.0,34.0,34.0,35.0,35.0,35.0,35.0,35.64999999999998,36.0,36.0,36.0,36.0,37.0,37.0,37.0,37.0,38.0,38.0,38.0,38.0,38.0,39.0,39.0,39.0,39.0,39.0,40.0,40.0,40.0,40.42999999999995,41.0,41.0,41.0,42.0,42.0,42.0,43.0,43.0,43.0,43.0,44.0,44.0,44.0,45.0,45.0,45.0,45.0,45.0,46.0,46.0,46.0,47.0,47.0,48.0,48.0,48.0,49.0,49.0,50.0,50.0,51.0,51.0,52.0,53.0,53.0,54.0,55.0,56.049999999999955,58.0,60.0,61.01999999999998,65.00999999999999,23.0,60.0,16.0,73.0,111.0,111.0
20.0,22.0,22.0,23.0,24.0,24.0,25.0,25.0,26.0,26.0,26.0,27.0,27.0,27.0,28.0,28.0,28.830000000000013,29.0,29.0,29.0,30.0,30.0,30.0,30.75999999999999,31.0,31.0,31.0,32.0,32.0,32.0,32.0,32.68000000000001,33.0,33.0,33.0,33.0,34.0,34.0,34.0,34.0,35.0,35.0,35.0,35.0,36.0,36.0,36.0,36.0,36.0,37.0,37.0,37.0,37.0,38.0,38.0,38.0,38.0,38.0,39.0,39.0,39.0,40.0,40.0,40.0,40.0,41.0,41.0,41.0,41.309999999999945,42.0,42.0,42.0,43.0,43.0,44.0,44.0,45.0,45.0,45.0,45.0,46.0,46.0,47.0,47.0,48.0,48.0,49.0,49.0,50.0,50.0,51.0,51.0,52.0,52.0,53.0,55.039999999999964,57.0,59.0,62.0,22.0,58.0,14.0,67.0,75.0,75.0
16.0,18.98,19.97,20.0,21.0,22.0,22.0,23.0,23.0,24.0,24.0,24.0,25.0,25.0,26.0,26.0,26.0,26.0,27.0,27.0,27.0,28.0,28.0,28.0,29.0,29.0,29.0,29.0,29.0,30.0,30.0,30.0,30.0,30.0,30.0,31.0,31.0,31.0,32.0,32.0,32.0,32.0,32.0,33.0,33.0,33.0,33.0,34.0,34.0,34.0,35.0,35.0,35.0,35.0,35.0,36.0,36.0,36.0,37.0,37.0,37.0,37.0,38.0,38.0,38.0,38.0,39.0,39.0,39.0,39.0,40.0,40.0,40.0,40.0,41.0,41.0,41.0,42.0,42.0,42.0,43.0,43.0,43.0,44.0,44.0,45.0,45.0,46.0,46.0,47.0,48.0,48.0,49.0,50.0,50.0,51.0,52.0,54.0,56.0,19.0,53.02499999999998,12.0,67.0,60.0,60.0
15.0,17.0,19.0,19.96,20.0,21.0,21.0,21.0,22.0,22.0,23.0,23.0,24.0,24.0,24.0,25.0,25.0,25.0,26.0,26.0,26.0,26.0,27.0,27.0,27.0,27.0,27.0,28.0,28.0,28.0,28.0,29.0,29.0,29.0,29.0,30.0,30.0,30.0,30.0,30.0,30.0,31.0,31.0,31.0,31.0,31.0,32.0,32.0,32.0,32.0,32.49000000000001,33.0,33.0,33.0,33.0,34.0,34.0,34.0,34.0,34.0,35.0,35.0,35.0,35.0,36.0,36.0,36.0,36.0,37.0,37.0,37.0,38.0,38.0,39.0,39.0,39.0,39.0,40.0,40.0,40.0,41.0,41.0,42.0,42.0,42.0,43.0,43.0,44.0,44.0,44.0,45.0,45.08000000000004,46.0,47.0,48.0,49.039999999999964,51.0,52.0,54.0,18.0,51.0,12.0,63.0,55.0,55.0
14.0,16.0,17.0,18.0,19.0,19.0,20.0,20.0,20.0,21.0,21.0,21.0,22.0,22.0,22.0,23.0,23.0,23.0,24.0,24.0,24.0,24.78,25.0,25.0,25.0,25.0,26.0,26.0,26.0,26.0,27.0,27.0,27.0,27.0,27.0,28.0,28.0,28.0,28.0,28.0,28.0,29.0,29.0,29.0,29.0,29.0,30.0,30.0,30.0,30.0,30.0,31.0,31.0,31.0,31.0,32.0,32.0,32.0,32.0,33.0,33.0,33.0,33.0,34.0,34.0,34.0,34.0,35.0,35.0,35.0,36.0,36.0,36.0,36.0,37.0,37.0,37.0,37.0,38.0,38.0,38.0,39.0,39.0,40.0,40.0,40.0,41.0,41.0,42.0,42.0,43.0,43.08000000000004,44.0,45.0,45.0,46.039999999999964,48.0,49.0,50.0,17.0,48.0,7.0,59.0,71.0,71.0
13.99,15.0,16.0,17.0,17.0,18.0,18.0,18.0,19.0,19.0,19.0,20.0,20.0,20.0,20.0,21.0,21.0,21.0,22.0,22.0,22.0,23.0,23.0,23.0,23.0,23.0,24.0,24.0,24.0,24.0,24.0,24.0,25.0,25.0,25.0,25.0,26.0,26.0,26.0,26.0,26.0,27.0,27.0,27.0,27.0,27.0,28.0,28.0,28.0,28.0,28.0,29.0,29.0,29.0,29.0,30.0,30.0,30.0,30.0,31.0,31.0,31.0,31.0,32.0,32.0,32.0,32.0,33.0,33.0,33.0,33.0,34.0,34.0,34.0,34.0,35.0,35.0,35.0,35.0,35.200000000000045,36.0,36.0,37.0,37.0,37.0,38.0,38.0,38.0,39.0,39.0,40.0,41.0,41.0,41.0,42.0,43.0,45.0,46.0,49.0,15.0,45.0,9.0,52.0,88.0,88.0
12.0,13.0,14.0,15.0,15.0,16.0,16.0,17.0,17.0,17.0,18.0,18.0,18.0,19.0,19.0,19.0,20.0,20.0,20.0,20.80000000000001,21.0,21.0,21.0,21.0,22.0,22.0,22.0,22.0,22.0,23.0,23.0,23.0,23.0,23.0,24.0,24.0,24.0,24.0,24.0,24.0,25.0,25.0,25.0,25.0,25.0,25.0,26.0,26.0,26.0,26.0,26.0,27.0,27.0,27.0,27.0,28.0,28.0,28.0,28.0,28.0,29.0,29.0,29.0,29.0,30.0,30.0,30.0,30.0,30.0,30.0,31.0,31.0,31.0,32.0,32.0,32.0,32.0,33.0,33.0,33.0,33.190000000000055,34.0,34.0,34.0,34.0,35.0,35.0,36.0,36.0,37.0,37.0,37.0,38.0,39.0,40.0,41.0,42.0,44.0,47.0,14.0,43.0,8.0,55.0,85.0,85.0
11.0,12.0,13.0,14.0,14.0,14.0,15.0,16.0,16.0,17.0,17.0,17.0,17.0,17.860000000000014,18.0,18.0,18.0,18.0,18.0,19.0,19.0,19.0,19.0,20.0,20.0,20.0,20.0,21.0,21.0,21.0,21.0,21.0,21.0,22.0,22.0,22.0,22.0,22.0,23.0,23.0,23.0,24.0,24.0,24.0,24.0,25.0,25.0,25.0,25.0,25.0,25.0,25.480000000000018,26.0,26.0,26.0,26.0,26.0,27.0,27.0,27.0,27.0,28.0,28.0,28.0,28.0,28.0,29.0,29.0,29.0,29.0,30.0,30.0,30.0,30.0,30.0,31.0,31.0,31.0,31.0,32.0,32.0,32.0,32.0,33.0,33.0,33.0,34.0,34.0,35.0,35.0,35.0,36.0,36.0,37.0,38.0,39.0,39.0,41.0,44.0,13.0,39.02499999999998,7.0,52.0,72.0,72.0
11.0,12.0,12.0,13.0,14.0,14.0,15.0,15.0,15.0,15.0,16.0,16.0,16.0,17.0,17.0,17.0,17.0,17.0,18.0,18.0,18.0,18.0,18.0,19.0,19.0,19.0,19.0,19.0,20.0,20.0,20.0,20.0,20.0,20.0,21.0,21.0,21.0,21.0,21.0,22.0,22.0,22.0,22.0,22.0,23.0,23.0,23.0,23.0,23.0,24.0,24.0,24.0,24.0,24.0,24.0,25.0,25.0,25.0,25.0,25.0,26.0,26.0,26.0,26.0,26.0,26.0,27.0,27.0,27.0,27.0,27.0,28.0,28.0,28.0,28.0,28.24000000000001,29.0,29.0,29.0,30.0,30.0,30.0,31.0,31.0,31.0,32.0,32.0,32.0,33.0,33.0,34.0,34.0,34.07000000000005,35.0,35.049999999999955,37.0,37.0,38.0,40.00999999999999,12.0,37.02499999999998,7.0,44.0,53.0,53.0
9.0,10.0,11.0,11.0,12.0,13.0,13.0,14.0,14.0,14.0,15.0,15.0,15.0,15.0,16.0,16.0,16.0,16.0,16.0,17.0,17.0,17.0,17.0,17.0,18.0,18.0,18.0,18.0,19.0,19.0,19.0,19.0,19.0,19.0,19.0,20.0,20.0,20.0,20.0,20.0,20.0,20.0,21.0,21.0,21.0,21.0,21.0,21.519999999999982,22.0,22.0,22.0,22.0,22.0,23.0,23.0,23.0,23.0,23.0,23.0,23.0,23.0,24.0,24.0,24.0,24.0,24.0,25.0,25.0,25.0,25.0,25.289999999999964,26.0,26.0,26.0,26.0,26.0,27.0,27.0,27.0,28.0,28.0,28.0,28.0,29.0,29.0,29.139999999999986,30.0,30.0,31.0,31.0,31.0,32.0,32.0,33.0,34.0,35.0,36.0,37.0,38.0,11.0,36.0,8.0,44.0,65.0,65.0
8.0,9.98,11.0,11.0,11.0,12.0,12.0,12.0,13.0,13.0,13.0,13.0,14.0,14.0,14.0,14.0,14.0,15.0,15.0,15.0,15.0,16.0,16.0,16.0,16.0,16.0,16.0,17.0,17.0,17.0,17.0,17.0,18.0,18.0,18.0,18.0,18.0,18.0,19.0,19.0,19.0,19.0,19.0,20.0,20.0,20.0,20.0,20.0,21.0,21.0,21.0,21.0,21.0,21.0,22.0,22.0,22.0,22.0,22.0,22.0,23.0,23.0,23.0,23.0,23.0,23.0,24.0,24.0,24.0,24.0,24.0,25.0,25.0,25.0,25.0,25.0,26.0,26.0,26.0,26.0,27.0,27.0,27.0,27.0,28.0,28.0,28.0,29.0,29.0,30.0,30.0,30.0,31.0,31.0,32.049999999999955,34.0,34.0,36.0,38.0,10.0,35.0,4.0,45.0,79.0,79.0
8.0,9.0,10.0,10.0,11.0,11.0,11.0,12.0,12.0,13.0,13.0,13.0,13.0,13.0,14.0,14.0,14.0,14.0,14.0,14.0,14.0,15.0,15.0,15.0,15.0,15.0,16.0,16.0,16.0,16.0,16.0,16.0,16.0,16.0,17.0,17.0,17.0,17.0,17.0,17.0,18.0,18.0,18.0,18.0,18.0,18.0,18.0,19.0,19.0,19.0,19.0,19.0,20.0,20.0,20.0,20.0,20.0,20.0,21.0,21.0,21.0,21.0,21.0,21.0,21.0,22.0,22.0,22.0,22.0,23.0,23.0,23.0,23.0,24.0,24.0,24.0,24.0,24.0,25.0,25.0,25.0,25.0,26.0,26.0,26.0,27.0,27.0,27.120000000000005,28.0,28.0,29.0,30.0,30.0,31.0,31.049999999999955,32.0,33.0,34.0,36.0,9.0,34.0,4.0,42.0,71.0,71.0
7.99,8.0,9.0,9.0,10.0,10.0,11.0,11.0,11.0,12.0,12.0,12.0,12.0,13.0,13.0,13.0,13.0,13.0,14.0,14.0,14.0,14.0,14.0,14.0,15.0,15.0,15.0,15.0,15.0,15.0,15.0,16.0,16.0,16.0,16.0,16.0,16.0,16.0,17.0,17.0,17.0,17.0,17.0,17.0,17.0,18.0,18.0,18.0,18.0,18.0,18.0,18.0,19.0,19.0,19.0,19.0,19.0,19.0,19.0,20.0,20.0,20.0,20.0,20.0,20.0,21.0,21.0,21.0,21.0,21.0,22.0,22.0,22.0,22.0,22.0,22.0,23.0,23.0,23.0,23.0,23.0,23.0,24.0,24.0,24.0,24.0,25.0,25.0,25.0,25.0,26.0,26.08000000000004,27.0,27.0,28.0,29.0,30.0,31.0,33.0,9.0,30.0,3.0,40.0,53.0,53.0
6.0,7.0,8.0,8.0,9.0,9.0,9.0,10.0,10.0,10.0,11.0,11.0,11.0,12.0,12.0,12.0,12.0,12.0,12.0,12.0,13.0,13.0,13.0,13.0,13.0,13.0,13.0,14.0,14.0,14.0,14.0,14.0,14.0,14.0,15.0,15.0,15.0,15.0,15.0,15.0,15.0,16.0,16.0,16.0,16.0,16.0,16.0,16.0,16.0,16.0,17.0,17.0,17.0,17.0,17.0,17.0,17.0,18.0,18.0,18.0,18.0,18.0,18.0,18.0,18.0,18.0,19.0,19.0,19.0,19.0,19.0,20.0,20.0,20.0,20.0,20.0,21.0,21.0,21.0,21.0,22.0,22.0,22.0,22.0,23.0,23.0,23.0,24.0,24.0,24.0,25.0,25.0,26.0,26.0,27.0,28.0,28.029999999999973,30.0,32.0,7.0,29.0,5.0,39.0,56.0,56.0
5.99,7.0,7.0,8.0,8.0,8.0,9.0,9.0,9.0,9.0,10.0,10.0,10.0,10.0,11.0,11.0,11.0,11.0,11.0,11.0,11.0,12.0,12.0,12.0,12.0,12.0,12.0,12.0,13.0,13.0,13.0,13.0,13.0,13.0,13.0,14.0,14.0,14.0,14.0,14.0,14.0,14.0,15.0,15.0,15.0,15.0,15.0,15.0,15.0,15.0,16.0,16.0,16.0,16.0,16.0,16.0,17.0,17.0,17.0,17.0,17.0,17.0,18.0,18.0,18.0,18.0,18.0,18.0,18.309999999999945,19.0,19.0,19.0,19.0,19.0,20.0,20.0,20.0,20.0,20.0,21.0,21.0,21.0,21.0,22.0,22.0,22.0,22.0,23.0,23.0,24.0,24.0,25.0,25.0,25.0,26.0,27.0,27.029999999999973,28.0,30.0,7.0,28.0,2.0,35.0,78.0,78.0
6.0,6.0,7.0,7.0,8.0,8.0,8.0,8.0,9.0,9.0,9.0,9.0,10.0,10.0,10.0,10.0,10.0,10.0,11.0,11.0,11.0,11.0,11.0,11.0,12.0,12.0,12.0,12.0,12.0,12.0,12.0,12.0,12.0,13.0,13.0,13.0,13.0,13.0,13.0,13.0,13.0,14.0,14.0,14.0,14.0,14.0,14.0,14.0,14.0,15.0,15.0,15.0,15.0,15.0,15.0,15.0,15.42999999999995,16.0,16.0,16.0,16.0,16.0,16.0,17.0,17.0,17.0,17.0,17.0,17.0,18.0,18.0,18.0,18.0,18.0,18.0,19.0,19.0,19.0,19.0,19.0,20.0,20.0,20.0,20.0,21.0,21.0,21.0,22.0,22.0,22.0,23.0,24.0,24.0,25.0,25.049999999999955,26.0,27.0,28.019999999999982,30.0,7.0,28.0,1.0,33.0,44.0,44.0
4.0,5.0,6.0,6.0,7.0,7.0,7.0,7.0,8.0,8.0,8.0,8.0,9.0,9.0,9.0,9.0,9.0,9.0,10.0,10.0,10.0,10.0,10.0,10.0,11.0,11.0,11.0,11.0,11.0,11.0,12.0,12.0,12.0,12.0,12.0,12.0,12.0,12.0,12.0,13.0,13.0,13.0,13.0,13.0,13.0,13.0,13.0,13.0,14.0,14.0,14.0,14.0,14.0,14.0,14.0,15.0,15.0,15.0,15.0,15.0,15.0,15.0,15.0,15.0,16.0,16.0,16.0,16.0,16.0,17.0,17.0,17.0,17.0,17.0,17.0,18.0,18.0,18.0,18.0,18.0,18.0,19.0,19.0,19.0,19.0,20.0,20.0,20.0,20.0,21.0,21.0,21.0,22.0,22.0,22.0,23.0,25.0,25.019999999999982,26.00999999999999,5.975000000000001,25.0,2.0,30.0,26.0,26.0
5.0,5.0,6.0,6.0,6.0,6.939999999999998,7.0,7.0,7.0,7.0,8.0,8.0,8.0,8.0,8.0,9.0,9.0,9.0,9.0,9.0,9.0,10.0,10.0,10.0,10.0,10.0,10.0,10.0,10.0,10.0,11.0,11.0,11.0,11.0,11.0,11.0,11.0,11.0,11.610000000000014,12.0,12.0,12.0,12.0,12.0,12.0,12.0,12.0,13.0,13.0,13.0,13.0,13.0,13.0,13.0,13.0,13.0,14.0,14.0,14.0,14.0,14.0,14.0,14.0,14.0,15.0,15.0,15.0,15.0,15.0,15.0,15.0,16.0,16.0,16.0,16.0,16.0,16.0,17.0,17.0,17.0,17.0,17.0,18.0,18.0,18.0,18.0,19.0,19.0,19.0,20.0,20.0,20.0,21.0,21.0,22.0,22.0,23.029999999999973,24.0,26.0,5.0,24.0,3.0,30.0,34.0,34.0
4.0,5.0,5.0,6.0,6.0,6.0,7.0,7.0,7.0,7.0,7.0,8.0,8.0,8.0,8.0,8.0,8.0,9.0,9.0,9.0,9.0,9.0,9.0,9.0,9.0,9.0,10.0,10.0,10.0,10.0,10.0,10.0,10.0,10.0,11.0,11.0,11.0,11.0,11.0,11.0,11.0,11.0,11.0,11.0,11.0,12.0,12.0,12.0,12.0,12.0,12.0,12.0,12.0,12.0,12.0,13.0,13.0,13.0,13.0,13.0,13.0,13.0,13.0,14.0,14.0,14.0,14.0,14.0,14.0,14.0,14.0,14.0,15.0,15.0,15.0,15.0,15.0,15.0,16.0,16.0,16.0,16.0,16.0,16.159999999999968,17.0,17.0,17.0,17.0,18.0,18.0,18.0,19.0,19.0,19.0,20.0,21.0,21.0,22.0,23.00999999999999,5.0,22.0,3.0,30.0,43.0,43.0
3.0,4.0,5.0,5.0,6.0,6.0,6.0,6.0,7.0,7.0,7.0,7.0,7.0,7.0,7.0,8.0,8.0,8.0,8.0,8.0,8.0,8.0,8.0,8.0,9.0,9.0,9.0,9.0,9.0,9.0,9.0,9.0,9.0,10.0,10.0,10.0,10.0,10.0,10.0,10.0,10.0,10.0,11.0,11.0,11.0,11.0,11.0,11.0,11.0,11.0,11.0,11.0,12.0,12.0,12.0,12.0,12.0,12.0,12.0,12.0,12.0,13.0,13.0,13.0,13.0,13.0,13.0,13.0,13.0,13.0,14.0,14.0,14.0,14.0,14.0,14.0,15.0,15.0,15.0,15.0,15.0,15.0,16.0,16.0,16.0,16.0,16.129999999999995,17.0,17.0,17.0,18.0,18.0,18.0,19.0,19.0,20.0,20.0,22.0,23.00999999999999,4.0,21.0,1.0,25.0,66.0,66.0
3.0,4.0,4.0,4.0,5.0,5.0,5.0,6.0,6.0,6.0,6.0,6.0,6.0,6.0,7.0,7.0,7.0,7.0,7.0,7.0,7.0,7.0,7.0,8.0,8.0,8.0,8.0,8.0,8.0,8.0,8.0,9.0,9.0,9.0,9.0,9.0,9.0,9.0,9.0,9.0,9.0,9.579999999999984,10.0,10.0,10.0,10.0,10.0,10.0,10.0,10.0,10.0,11.0,11.0,11.0,11.0,11.0,11.0,11.0,11.0,11.0,12.0,12.0,12.0,12.0,12.0,12.0,12.0,12.0,12.0,13.0,13.0,13.0,13.0,13.0,13.0,13.0,13.0,13.220000000000027,14.0,14.0,14.0,14.0,14.0,15.0,15.0,15.0,15.0,16.0,16.0,16.0,16.0,17.0,17.0,18.0,18.0,18.0,19.0,20.0,21.0,4.0,19.0,1.0,27.0,47.0,47.0
3.0,3.9800000000000004,4.0,4.0,5.0,5.0,5.0,5.0,5.0,5.0,6.0,6.0,6.0,6.0,6.0,6.0,6.0,6.0,7.0,7.0,7.0,7.0,7.0,7.0,7.0,7.0,7.730000000000018,8.0,8.0,8.0,8.0,8.0,8.0,8.0,8.0,9.0,9.0,9.0,9.0,9.0,9.0,9.0,9.0,9.0,9.0,10.0,10.0,10.0,10.0,10.0,10.0,10.0,10.0,10.0,11.0,11.0,11.0,11.0,11.0,11.0,11.0,11.0,11.0,11.0,12.0,12.0,12.0,12.0,12.0,12.0,12.0,12.0,13.0,13.0,13.0,13.0,13.0,13.0,13.210000000000036,14.0,14.0,14.0,14.0,14.0,15.0,15.0,15.0,15.0,15.0,16.0,16.0,16.0,17.0,17.0,18.0,18.0,19.0,19.019999999999982,21.0,4.0,19.0,1.0,25.0,49.0,49.0
2.0,3.0,3.0,3.0,4.0,4.0,4.0,4.0,4.0,5.0,5.0,5.0,5.0,5.0,5.0,6.0,6.0,6.0,6.0,6.0,6.0,6.0,6.0,6.0,6.0,7.0,7.0,7.0,7.0,7.0,7.0,7.0,7.0,7.0,8.0,8.0,8.0,8.0,8.0,8.0,8.0,8.0,8.0,8.0,9.0,9.0,9.0,9.0,9.0,9.0,9.0,9.0,9.0,9.460000000000036,10.0,10.0,10.0,10.0,10.0,10.0,10.0,10.0,10.0,10.0,11.0,11.0,11.0,11.0,11.0,11.0,11.0,11.0,12.0,12.0,12.0,12.0,12.0,12.0,12.0,13.0,13.0,13.0,13.0,13.0,13.0,14.0,14.0,14.0,14.0,14.0,15.0,15.0,15.0,16.0,16.0,17.0,17.0,18.0,20.0,3.0,18.0,1.0,24.0,24.0,24.0
2.0,2.9800000000000004,3.0,3.0,3.0,4.0,4.0,4.0,4.0,4.0,5.0,5.0,5.0,5.0,5.0,5.0,5.0,6.0,6.0,6.0,6.0,6.0,6.0,6.0,6.0,6.0,6.0,7.0,7.0,7.0,7.0,7.0,7.0,7.0,7.0,8.0,8.0,8.0,8.0,8.0,8.0,8.0,8.0,8.0,8.0,8.0,8.0,9.0,9.0,9.0,9.0,9.0,9.0,9.0,9.0,9.0,9.0,9.0,9.0,10.0,10.0,10.0,10.0,10.0,10.0,10.0,10.0,10.32000000000005,11.0,11.0,11.0,11.0,11.0,11.0,11.0,11.0,12.0,12.0,12.0,12.0,12.0,12.0,12.0,12.0,13.0,13.0,13.0,13.0,14.0,14.0,14.0,14.0,15.0,15.0,16.0,17.0,17.0,18.0,19.0,3.0,18.0,0.0,22.0,23.0,23.0
2.0,2.0,3.0,3.0,3.0,3.0,3.0,4.0,4.0,4.0,4.0,4.0,4.0,5.0,5.0,5.0,5.0,5.0,5.0,5.0,5.0,6.0,6.0,6.0,6.0,6.0,6.0,6.0,6.0,6.0,6.0,7.0,7.0,7.0,7.0,7.0,7.0,7.0,7.0,7.0,7.0,7.0,7.0,8.0,8.0,8.0,8.0,8.0,8.0,8.0,8.0,8.0,8.0,8.0,8.0,9.0,9.0,9.0,9.0,9.0,9.0,9.0,9.0,9.0,9.0,9.0,9.0,10.0,10.0,10.0,10.0,10.0,10.0,10.0,10.0,11.0,11.0,11.0,11.0,11.0,11.0,11.0,11.0,12.0,12.0,12.0,12.0,13.0,13.0,13.0,14.0,14.0,14.0,15.0,15.0,15.039999999999964,16.0,16.019999999999982,18.0,3.0,16.0,1.0,22.0,18.0,18.0
1.0,2.0,2.0,3.0,3.0,3.0,3.0,4.0,4.0,4.0,4.0,4.0,4.0,4.0,5.0,5.0,5.0,5.0,5.0,5.0,5.0,5.0,5.0,5.0,6.0,6.0,6.0,6.0,6.0,6.0,6.0,6.0,6.0,6.0,6.0,6.0,7.0,7.0,7.0,7.0,7.0,7.0,7.0,7.0,7.0,7.0,7.0,7.0,7.0,8.0,8.0,8.0,8.0,8.0,8.0,8.0,8.0,8.0,8.0,8.0,8.0,9.0,9.0,9.0,9.0,9.0,9.0,9.0,9.0,9.0,9.0,9.0,10.0,10.0,10.0,10.0,10.0,10.0,10.0,10.0,11.0,11.0,11.0,11.0,11.0,11.0,12.0,12.0,12.0,12.0,13.0,13.0,13.0,13.0,14.0,14.0,15.0,15.0,17.0,2.0,15.0,0.0,19.0,-31.0,-31.0
1.0,2.0,2.0,2.0,3.0,3.0,3.0,3.0,3.0,3.0,4.0,4.0,4.0,4.0,4.0,4.0,4.0,4.0,5.0,5.0,5.0,5.0,5.0,5.0,5.0,5.0,5.0,5.720000000000027,6.0,6.0,6.0,6.0,6.0,6.0,6.0,6.0,6.0,6.0,6.0,6.0,6.0,7.0,7.0,7.0,7.0,7.0,7.0,7.0,7.0,7.0,7.0,7.0,7.0,7.460000000000036,8.0,8.0,8.0,8.0,8.0,8.0,8.0,8.0,8.0,8.0,8.0,8.0,9.0,9.0,9.0,9.0,9.0,9.0,9.0,9.0,9.0,9.0,9.0,10.0,10.0,10.0,10.0,10.0,10.0,11.0,11.0,11.0,11.0,11.0,11.0,11.0,12.0,12.0,12.0,12.0,13.0,13.0,13.0,14.0,16.0,2.0,14.0,0.0,18.0,34.0,34.0
1.0,2.0,2.0,2.0,2.0,3.0,3.0,3.0,3.0,3.0,3.0,3.0,3.0,4.0,4.0,4.0,4.0,4.0,4.0,4.0,4.0,5.0,5.0,5.0,5.0,5.0,5.0,5.0,5.0,5.0,5.0,5.0,5.0,6.0,6.0,6.0,6.0,6.0,6.0,6.0,6.0,6.0,6.0,6.0,6.0,6.0,6.0,6.0,7.0,7.0,7.0,7.0,7.0,7.0,7.0,7.0,7.0,7.0,7.0,7.0,8.0,8.0,8.0,8.0,8.0,8.0,8.0,8.0,8.0,8.0,8.0,9.0,9.0,9.0,9.0,9.0,9.0,9.0,9.0,9.0,10.0,10.0,10.0,10.0,10.0,10.0,10.0,11.0,11.0,11.0,11.0,12.0,12.0,12.0,12.0,13.0,13.0,14.0,15.009999999999991,2.0,13.024999999999977,0.0,20.0,30.0,30.0
1.0,1.0,2.0,2.0,2.0,2.0,2.930000000000007,3.0,3.0,3.0,3.0,3.0,3.0,3.0,3.0,4.0,4.0,4.0,4.0,4.0,4.0,4.0,4.0,4.0,4.0,4.0,4.0,5.0,5.0,5.0,5.0,5.0,5.0,5.0,5.0,5.0,5.0,5.0,5.0,5.600000000000023,6.0,6.0,6.0,6.0,6.0,6.0,6.0,6.0,6.0,6.0,6.0,6.0,7.0,7.0,7.0,7.0,7.0,7.0,7.0,7.0,7.0,7.0,7.0,7.0,7.0,8.0,8.0,8.0,8.0,8.0,8.0,8.0,8.0,8.0,9.0,9.0,9.0,9.0,9.0,9.0,9.0,9.0,9.169999999999959,10.0,10.0,10.0,10.0,10.0,11.0,11.0,11.0,11.0,12.0,12.0,12.0,13.0,13.0,14.0,15.0,1.0,13.0,0.0,18.0,8.0,8.0
1.0,1.0,2.0,2.0,2.0,2.0,2.0,2.0,3.0,3.0,3.0,3.0,3.0,3.0,3.0,3.0,3.0,3.0,4.0,4.0,4.0,4.0,4.0,4.0,4.0,4.0,4.0,4.0,4.0,4.0,4.689999999999998,5.0,5.0,5.0,5.0,5.0,5.0,5.0,5.0,5.0,5.0,5.0,5.0,5.0,5.0,6.0,6.0,6.0,6.0,6.0,6.0,6.0,6.0,6.0,6.0,6.0,6.0,6.0,7.0,7.0,7.0,7.0,7.0,7.0,7.0,7.0,7.0,7.0,7.0,7.0,8.0,8.0,8.0,8.0,8.0,8.0,8.0,8.0,8.0,9.0,9.0,9.0,9.0,9.0,9.0,9.0,10.0,10.0,10.0,10.0,10.0,11.0,11.0,11.0,12.0,12.0,13.0,13.0,15.0,1.0,13.0,0.0,21.0,22.0,22.0
1.0,1.0,1.0,2.0,2.0,2.0,2.0,2.0,2.0,2.0,3.0,3.0,3.0,3.0,3.0,3.0,3.0,3.0,3.0,3.0,3.0,3.0,4.0,4.0,4.0,4.0,4.0,4.0,4.0,4.0,4.0,4.0,4.0,4.0,5.0,5.0,5.0,5.0,5.0,5.0,5.0,5.0,5.0,5.0,5.0,5.0,5.0,5.0,5.0,6.0,6.0,6.0,6.0,6.0,6.0,6.0,6.0,6.0,6.0,6.0,6.0,6.0,6.0,6.360000000000014,7.0,7.0,7.0,7.0,7.0,7.0,7.0,7.0,7.0,7.0,7.25,8.0,8.0,8.0,8.0,8.0,8.0,8.0,8.0,8.0,8.0,9.0,9.0,9.0,9.0,9.0,9.090000000000032,10.0,10.0,10.0,11.0,11.0,12.0,12.0,13.0,1.0,12.0,0.0,17.0,6.0,6.0
0.9900000000000002,1.0,1.0,1.0,2.0,2.0,2.0,2.0,2.0,2.0,2.0,3.0,3.0,3.0,3.0,3.0,3.0,3.0,3.0,3.0,3.0,3.0,3.0,3.0,3.75,4.0,4.0,4.0,4.0,4.0,4.0,4.0,4.0,4.0,4.0,4.0,4.0,5.0,5.0,5.0,5.0,5.0,5.0,5.0,5.0,5.0,5.0,5.0,5.0,5.0,5.0,5.0,6.0,6.0,6.0,6.0,6.0,6.0,6.0,6.0,6.0,6.0,6.0,6.0,6.0,6.0,6.0,7.0,7.0,7.0,7.0,7.0,7.0,7.0,7.0,7.0,7.0,7.0,8.0,8.0,8.0,8.0,8.0,8.0,8.0,9.0,9.0,9.0,9.0,9.0,9.0,10.0,10.0,10.0,11.0,11.0,12.0,12.0,14.0,1.0,12.0,0.0,16.0,23.0,23.0
0.9900000000000002,1.0,1.0,1.0,1.0,1.0,2.0,2.0,2.0,2.0,2.0,2.0,2.0,2.0,3.0,3.0,3.0,3.0,3.0,3.0,3.0,3.0,3.0,3.0,3.0,3.0,3.0,4.0,4.0,4.0,4.0,4.0,4.0,4.0,4.0,4.0,4.0,4.0,4.0,4.0,4.0,5.0,5.0,5.0,5.0,5.0,5.0,5.0,5.0,5.0,5.0,5.0,5.0,5.0,5.0,6.0,6.0,6.0,6.0,6.0,6.0,6.0,6.0,6.0,6.0,6.0,6.0,6.0,6.0,7.0,7.0,7.0,7.0,7.0,7.0,7.0,7.0,7.0,7.0,7.0,8.0,8.0,8.0,8.0,8.0,8.0,8.0,8.0,8.110000000000014,9.0,9.0,9.0,9.0,10.0,10.0,10.0,11.0,11.0,12.009999999999991,1.0,11.0,0.0,17.0,21.0,21.0
0.0,1.0,1.0,1.0,1.0,1.0,2.0,2.0,2.0,2.0,2.0,2.0,2.0,2.0,2.0,2.0,3.0,3.0,3.0,3.0,3.0,3.0,3.0,3.0,3.0,3.0,3.0,3.0,3.0,3.0,3.0,4.0,4.0,4.0,4.0,4.0,4.0,4.0,4.0,4.0,4.0,4.0,4.0,4.0,4.0,4.0,5.0,5.0,5.0,5.0,5.0,5.0,5.0,5.0,5.0,5.0,5.0,5.0,5.0,5.0,5.0,6.0,6.0,6.0,6.0,6.0,6.0,6.0,6.0,6.0,6.0,6.0,6.0,6.0,6.0,7.0,7.0,7.0,7.0,7.0,7.0,7.0,7.0,8.0,8.0,8.0,8.0,8.0,8.0,8.0,9.0,9.0,9.0,9.0,10.0,10.0,10.0,11.0,12.0,1.0,11.0,0.0,16.0,30.0,30.0
0.0,1.0,1.0,1.0,1.0,1.0,1.0,2.0,2.0,2.0,2.0,2.0,2.0,2.0,2.0,2.0,2.0,2.0,3.0,3.0,3.0,3.0,3.0,3.0,3.0,3.0,3.0,3.0,3.0,3.0,3.0,3.0,3.0,4.0,4.0,4.0,4.0,4.0,4.0,4.0,4.0,4.0,4.0,4.0,4.0,4.0,4.0,4.0,4.0,4.0,5.0,5.0,5.0,5.0,5.0,5.0,5.0,5.0,5.0,5.0,5.0,5.0,5.0,5.0,5.0,6.0,6.0,6.0,6.0,6.0,6.0,6.0,6.0,6.0,6.0,6.0,6.0,6.0,7.0,7.0,7.0,7.0,7.0,7.0,7.0,7.0,8.0,8.0,8.0,8.0,8.0,8.0,9.0,9.0,9.0,10.0,10.0,10.019999999999982,11.0,1.0,10.0,0.0,15.0,15.0,15.0
0.0,1.0,1.0,1.0,1.0,1.0,1.0,1.0,1.0,2.0,2.0,2.0,2.0,2.0,2.0,2.0,2.0,2.0,2.0,2.0,3.0,3.0,3.0,3.0,3.0,3.0,3.0,3.0,3.0,3.0,3.0,3.0,3.0,3.0,3.0,4.0,4.0,4.0,4.0,4.0,4.0,4.0,4.0,4.0,4.0,4.0,4.0,4.0,4.0,4.0,4.0,4.0,4.0,5.0,5.0,5.0,5.0,5.0,5.0,5.0,5.0,5.0,5.0,5.0,5.0,5.0,5.0,5.0,6.0,6.0,6.0,6.0,6.0,6.0,6.0,6.0,6.0,6.0,6.210000000000036,7.0,7.0,7.0,7.0,7.0,7.0,7.0,7.0,8.0,8.0,8.0,8.0,8.0,9.0,9.0,9.0,9.0,10.0,10.0,12.0,1.0,10.0,0.0,14.0,21.0,21.0
0.0,0.0,1.0,1.0,1.0,1.0,1.0,1.0,2.0,2.0,2.0,2.0,2.0,2.0,2.0,2.0,2.0,2.0,2.0,2.0,2.0,3.0,3.0,3.0,3.0,3.0,3.0,3.0,3.0,3.0,3.0,3.0,3.0,3.0,3.0,3.0,3.0,3.0,3.0,4.0,4.0,4.0,4.0,4.0,4.0,4.0,4.0,4.0,4.0,4.0,4.0,4.0,4.0,4.0,5.0,5.0,5.0,5.0,5.0,5.0,5.0,5.0,5.0,5.0,5.0,5.0,5.0,5.0,5.0,5.0,6.0,6.0,6.0,6.0,6.0,6.0,6.0,6.0,6.0,6.0,6.0,6.17999999999995,7.0,7.0,7.0,7.0,7.0,7.0,7.0,8.0,8.0,8.0,8.0,9.0,9.0,9.0,10.0,10.0,11.0,0.0,10.0,0.0,16.0,7.0,7.0
0.0,0.0,1.0,1.0,1.0,1.0,1.0,1.0,1.0,1.0,2.0,2.0,2.0,2.0,2.0,2.0,2.0,2.0,2.0,2.0,2.0,3.0,3.0,3.0,3.0,3.0,3.0,3.0,3.0,3.0,3.0,3.0,3.0,3.0,3.0,3.0,3.0,3.0,3.6100000000000136,4.0,4.0,4.0,4.0,4.0,4.0,4.0,4.0,4.0,4.0,4.0,4.0,4.0,4.0,4.0,4.0,5.0,5.0,5.0,5.0,5.0,5.0,5.0,5.0,5.0,5.0,5.0,5.0,5.0,5.0,5.0,6.0,6.0,6.0,6.0,6.0,6.0,6.0,6.0,6.0,6.0,7.0,7.0,7.0,7.0,7.0,7.0,7.0,8.0,8.0,8.0,8.0,8.0,8.0,9.0,9.0,10.0,10.0,11.0,12.0,0.0,11.0,0.0,16.0,8.0,8.0
0.0,0.9800000000000004,1.0,1.0,1.0,1.0,1.0,1.0,1.0,2.0,2.0,2.0,2.0,2.0,2.0,2.0,2.0,2.0,2.0,2.0,2.0,2.0,3.0,3.0,3.0,3.0,3.0,3.0,3.0,3.0,3.0,3.0,3.0,3.0,3.0,3.0,3.0,3.0,3.0,3.0,4.0,4.0,4.0,4.0,4.0,4.0,4.0,4.0,4.0,4.0,4.0,4.0,4.0,4.0,4.0,4.0,5.0,5.0,5.0,5.0,5.0,5.0,5.0,5.0,5.0,5.0,5.0,5.0,5.0,5.0,5.0,5.0,6.0,6.0,6.0,6.0,6.0,6.0,6.0,6.0,6.0,6.0,6.0,7.0,7.0,7.0,7.0,7.0,7.0,8.0,8.0,8.0,8.0,8.059999999999945,9.0,9.0,10.0,10.0,12.0,1.0,10.0,0.0,15.0,30.0,30.0
0.0,0.0,1.0,1.0,1.0,1.0,1.0,1.0,1.0,1.0,2.0,2.0,2.0,2.0,2.0,2.0,2.0,2.0,2.0,2.0,2.0,2.0,2.0,3.0,3.0,3.0,3.0,3.0,3.0,3.0,3.0,3.0,3.0,3.0,3.0,3.0,3.0,3.0,3.0,3.0,3.0,4.0,4.0,4.0,4.0,4.0,4.0,4.0,4.0,4.0,4.0,4.0,4.0,4.0,4.0,4.0,4.0,5.0,5.0,5.0,5.0,5.0,5.0,5.0,5.0,5.0,5.0,5.0,5.0,5.0,5.0,5.0,5.0,6.0,6.0,6.0,6.0,6.0,6.0,6.0,6.0,6.0,6.0,6.0,7.0,7.0,7.0,7.0,7.0,8.0,8.0,8.0,8.0,9.0,9.0,9.0,9.0,10.0,11.0,1.0,9.0,0.0,15.0,15.0,15.0
0.0,0.0,1.0,1.0,1.0,1.0,1.0,1.0,1.0,1.0,1.0,1.0,2.0,2.0,2.0,2.0,2.0,2.0,2.0,2.0,2.0,2.0,2.0,2.0,2.0,2.0,3.0,3.0,3.0,3.0,3.0,3.0,3.0,3.0,3.0,3.0,3.0,3.0,3.0,3.0,3.0,3.0,4.0,4.0,4.0,4.0,4.0,4.0,4.0,4.0,4.0,4.0,4.0,4.0,4.0,4.0,4.0,4.0,4.0,5.0,5.0,5.0,5.0,5.0,5.0,5.0,5.0,5.0,5.0,5.0,5.0,5.0,5.0,6.0,6.0,6.0,6.0,6.0,6.0,6.0,6.0,6.0,7.0,7.0,7.0,7.0,7.0,7.0,7.0,8.0,8.0,8.0,8.0,8.0,9.0,9.039999999999964,10.0,11.0,12.0,0.0,10.0,0.0,16.0,12.0,12.0
0.0,0.0,0.0,0.9600000000000009,1.0,1.0,1.0,1.0,1.0,1.0,1.0,1.0,2.0,2.0,2.0,2.0,2.0,2.0,2.0,2.0,2.0,2.0,2.0,2.0,2.0,2.0,2.0,2.0,2.0,3.0,3.0,3.0,3.0,3.0,3.0,3.0,3.0,3.0,3.0,3.0,3.0,3.0,3.0,3.0,4.0,4.0,4.0,4.0,4.0,4.0,4.0,4.0,4.0,4.0,4.0,4.0,4.0,4.0,4.0,4.0,4.0,5.0,5.0,5.0,5.0,5.0,5.0,5.0,5.0,5.0,5.0,5.0,5.0,6.0,6.0,6.0,6.0,6.0,6.0,6.0,6.0,7.0,7.0,7.0,7.0,7.0,7.0,7.1200000000000045,8.0,8.0,8.0,9.0,9.0,9.0,9.0,10.0,10.0,11.0,12.009999999999991,0.0,10.0,0.0,20.0,12.0,12.0
0.0,0.0,0.9699999999999989,1.0,1.0,1.0,1.0,1.0,1.0,1.0,2.0,2.0,2.0,2.0,2.0,2.0,2.0,2.0,2.0,2.0,2.0,2.0,2.0,2.0,2.0,2.740000000000009,3.0,3.0,3.0,3.0,3.0,3.0,3.0,3.0,3.0,3.0,3.0,3.0,3.0,3.0,3.0,4.0,4.0,4.0,4.0,4.0,4.0,4.0,4.0,4.0,4.0,4.0,4.0,4.0,4.0,4.0,5.0,5.0,5.0,5.0,5.0,5.0,5.0,5.0,5.0,5.0,5.0,5.0,5.0,5.0,6.0,6.0,6.0,6.0,6.0,6.0,6.0,6.0,6.0,7.0,7.0,7.0,7.0,7.0,7.0,7.0,7.0,8.0,8.0,8.0,8.0,9.0,9.0,9.0,10.0,10.0,10.029999999999973,11.0,12.009999999999991,0.0,11.0,0.0,16.0,7.0,7.0
0.0,0.0,1.0,1.0,1.0,1.0,1.0,1.0,1.0,1.0,1.0,2.0,2.0,2.0,2.0,2.0,2.0,2.0,2.0,2.0,2.0,2.0,2.0,2.0,2.0,2.0,3.0,3.0,3.0,3.0,3.0,3.0,3.0,3.0,3.0,3.0,3.0,3.0,3.0,3.0,3.0,3.0,4.0,4.0,4.0,4.0,4.0,4.0,4.0,4.0,4.0,4.0,4.0,4.0,4.0,4.0,5.0,5.0,5.0,5.0,5.0,5.0,5.0,5.0,5.0,5.0,5.0,5.0,5.0,5.0,5.289999999999964,6.0,6.0,6.0,6.0,6.0,6.0,6.0,6.0,6.0,7.0,7.0,7.0,7.0,7.0,7.0,8.0,8.0,8.0,8.0,9.0,9.0,9.0,10.0,10.0,11.0,12.0,12.019999999999982,13.009999999999991,1.0,12.0,0.0,17.0,9.0,9.0
0.0,0.0,0.0,1.0,1.0,1.0,1.0,1.0,1.0,1.0,1.0,1.0,2.0,2.0,2.0,2.0,2.0,2.0,2.0,2.0,2.0,2.0,2.0,2.0,3.0,3.0,3.0,3.0,3.0,3.0,3.0,3.0,3.0,3.0,3.0,3.0,3.0,3.0,3.0,3.0,3.0,4.0,4.0,4.0,4.0,4.0,4.0,4.0,4.0,4.0,4.0,4.0,4.0,4.0,4.0,4.0,4.0,4.0,5.0,5.0,5.0,5.0,5.0,5.0,5.0,5.0,5.0,5.0,5.0,5.0,6.0,6.0,6.0,6.0,6.0,6.0,6.0,6.0,7.0,7.0,7.0,7.0,7.0,7.0,7.149999999999977,8.0,8.0,8.0,8.0,9.0,9.0,10.0,10.0,10.0,11.0,11.0,12.0,13.0,16.0,0.0,13.0,0.0,21.0,13.0,13.0
0.0,0.0,0.0,1.0,1.0,1.0,1.0,1.0,1.0,1.0,1.0,1.0,2.0,2.0,2.0,2.0,2.0,2.0,2.0,2.0,2.0,2.0,2.0,2.0,2.0,3.0,3.0,3.0,3.0,3.0,3.0,3.0,3.0,3.0,3.0,3.0,3.0,3.0,3.0,3.0,4.0,4.0,4.0,4.0,4.0,4.0,4.0,4.0,4.0,4.0,4.0,4.0,4.0,4.0,4.0,4.0,5.0,5.0,5.0,5.0,5.0,5.0,5.0,5.0,5.0,5.0,5.0,6.0,6.0,6.0,6.0,6.0,6.0,7.0,7.0,7.0,7.0,7.0,7.0,7.0,8.0,8.0,8.0,8.0,8.149999999999977,9.0,9.0,9.0,10.0,10.0,10.0,10.0,11.0,11.0,11.049999999999955,12.0,13.0,14.0,16.00999999999999,0.0,14.0,0.0,25.0,17.0,17.0
0.0,0.0,0.0,1.0,1.0,1.0,1.0,1.0,1.0,1.0,2.0,2.0,2.0,2.0,2.0,2.0,2.0,2.0,2.0,2.0,2.0,2.0,2.0,3.0,3.0,3.0,3.0,3.0,3.0,3.0,3.0,3.0,3.0,3.0,3.0,3.0,3.0,3.0,4.0,4.0,4.0,4.0,4.0,4.0,4.0,4.0,4.0,4.0,4.0,4.0,4.0,4.0,5.0,5.0,5.0,5.0,5.0,5.0,5.0,5.0,5.0,5.0,6.0,6.0,6.0,6.0,6.0,6.0,6.0,6.0,6.0,7.0,7.0,7.0,7.0,7.0,7.0,7.0,7.0,8.0,8.0,8.0,8.0,9.0,9.0,9.0,9.0,10.0,10.0,10.0,11.0,11.0,11.07000000000005,12.0,13.0,14.0,15.0,16.0,18.0,0.0,15.0,0.0,31.0,13.0,13.0
0.0,0.0,0.0,1.0,1.0,1.0,1.0,1.0,1.0,1.0,2.0,2.0,2.0,2.0,2.0,2.0,2.0,2.0,2.0,2.0,2.0,2.0,2.0,2.0,3.0,3.0,3.0,3.0,3.0,3.0,3.0,3.0,3.0,3.0,3.0,3.0,3.0,3.0,4.0,4.0,4.0,4.0,4.0,4.0,4.0,4.0,4.0,4.0,4.0,4.0,5.0,5.0,5.0,5.0,5.0,5.0,5.0,5.0,5.0,5.399999999999977,6.0,6.0,6.0,6.0,6.0,6.0,6.0,6.32000000000005,7.0,7.0,7.0,7.0,7.0,7.0,8.0,8.0,8.0,8.0,8.0,9.0,9.0,9.0,9.0,10.0,10.0,10.0,10.0,11.0,11.0,12.0,12.0,12.0,13.0,14.0,14.0,15.0,16.0,17.0,20.0,0.0,17.0,0.0,28.0,20.0,20.0
0.0,0.0,0.0,1.0,1.0,1.0,1.0,1.0,1.0,1.0,2.0,2.0,2.0,2.0,2.0,2.0,2.0,2.0,2.0,2.0,2.0,2.0,2.0,3.0,3.0,3.0,3.0,3.0,3.0,3.0,3.0,3.0,3.0,3.0,3.0,4.0,4.0,4.0,4.0,4.0,4.0,4.0,4.0,4.0,4.0,4.0,4.0,5.0,5.0,5.0,5.0,5.0,5.0,5.0,5.0,5.0,5.0,6.0,6.0,6.0,6.0,6.0,6.0,6.0,7.0,7.0,7.0,7.0,7.0,7.0,7.0,8.0,8.0,8.0,8.0,8.0,8.230000000000018,9.0,9.0,9.0,10.0,10.0,10.0,11.0,11.0,11.0,12.0,12.120000000000005,13.0,14.0,14.0,15.0,15.0,16.0,17.0,17.0,18.0,19.019999999999982,21.00999999999999,0.0,19.0,0.0,26.0,11.0,11.0
0.0,0.0,0.0,1.0,1.0,1.0,1.0,1.0,1.0,1.9000000000000057,2.0,2.0,2.0,2.0,2.0,2.0,2.0,2.0,2.0,2.0,2.0,2.0,3.0,3.0,3.0,3.0,3.0,3.0,3.0,3.0,3.0,3.0,3.0,3.0,4.0,4.0,4.0,4.0,4.0,4.0,4.0,4.0,4.0,4.0,5.0,5.0,5.0,5.0,5.0,5.0,5.0,5.0,5.0,5.0,6.0,6.0,6.0,6.0,6.0,6.0,6.0,7.0,7.0,7.0,7.0,7.0,7.0,7.0,8.0,8.0,8.0,8.0,9.0,9.0,9.0,9.0,9.0,10.0,10.0,10.0,10.0,11.0,11.0,12.0,12.0,12.0,13.0,13.0,14.0,14.0,15.0,15.080000000000041,16.07000000000005,17.0,18.0,19.0,20.0,21.0,24.00999999999999,0.0,21.0,0.0,38.0,14.0,14.0
0.0,0.0,0.9699999999999989,1.0,1.0,1.0,1.0,1.0,1.0,2.0,2.0,2.0,2.0,2.0,2.0,2.0,2.0,2.0,3.0,3.0,3.0,3.0,3.0,3.0,3.0,3.0,3.0,3.0,3.0,3.0,4.0,4.0,4.0,4.0,4.0,4.0,4.0,4.0,5.0,5.0,5.0,5.0,5.0,5.0,5.0,5.0,5.0,5.0,6.0,6.0,6.0,6.0,6.0,6.0,6.0,6.0,6.0,7.0,7.0,7.0,7.0,7.0,7.0,7.0,8.0,8.0,8.0,8.0,8.0,9.0,9.0,9.0,10.0,10.0,10.0,10.0,11.0,11.0,11.0,12.0,12.0,12.0,13.0,13.0,14.0,14.0,15.0,15.0,16.0,16.0,17.0,18.0,19.0,20.0,21.0,22.0,23.0,25.019999999999982,29.0,0.0,24.0,0.0,40.0,3.0,3.0
0.0,1.0,1.0,1.0,1.0,1.0,1.0,1.0,2.0,2.0,2.0,2.0,2.0,2.0,2.0,2.0,2.0,3.0,3.0,3.0,3.0,3.0,3.0,3.0,3.0,3.0,4.0,4.0,4.0,4.0,4.0,4.0,4.0,4.0,4.0,4.639999999999986,5.0,5.0,5.0,5.0,5.0,5.0,5.0,5.0,5.0,6.0,6.0,6.0,6.0,6.0,6.0,7.0,7.0,7.0,7.0,7.0,7.0,7.0,8.0,8.0,8.0,8.0,8.0,9.0,9.0,9.0,9.0,10.0,10.0,10.0,10.0,10.279999999999973,11.0,11.0,11.0,12.0,12.0,12.0,13.0,13.0,14.0,14.0,15.0,15.0,16.0,16.0,17.0,17.0,18.0,19.0,20.0,20.0,21.0,23.0,24.0,25.0,26.029999999999973,28.019999999999982,32.00999999999999,1.0,27.024999999999977,0.0,43.0,13.0,13.0
0.0,1.0,1.0,1.0,1.0,1.0,1.0,2.0,2.0,2.0,2.0,2.0,2.0,2.0,2.0,3.0,3.0,3.0,3.0,3.0,3.0,3.0,3.0,4.0,4.0,4.0,4.0,4.0,4.0,4.0,4.0,4.0,5.0,5.0,5.0,5.0,5.0,5.0,5.0,5.0,6.0,6.0,6.0,6.0,6.0,6.0,6.0,6.0,7.0,7.0,7.0,7.0,7.0,7.0,8.0,8.0,8.0,8.0,8.0,8.0,9.0,9.0,9.0,9.0,10.0,10.0,10.0,10.0,11.0,11.0,11.0,12.0,12.0,12.0,12.25,13.0,14.0,14.0,15.0,15.0,16.0,16.0,17.0,17.0,17.0,18.0,18.0,19.0,20.0,21.0,22.0,23.0,25.0,26.0,28.0,29.0,31.0,33.01999999999998,36.0,1.0,32.02499999999998,0.0,50.0,15.0,15.0
0.0,0.0,1.0,1.0,1.0,1.0,1.0,1.0,2.0,2.0,2.0,2.0,2.0,2.0,3.0,3.0,3.0,3.0,3.0,3.0,3.0,3.780000000000001,4.0,4.0,4.0,4.0,4.0,4.0,4.0,5.0,5.0,5.0,5.0,5.0,5.0,5.0,6.0,6.0,6.0,6.0,6.0,6.0,6.0,7.0,7.0,7.0,7.0,7.0,8.0,8.0,8.0,8.0,8.0,8.0,9.0,9.0,9.0,9.0,9.0,10.0,10.0,10.0,10.370000000000005,11.0,11.0,11.0,12.0,12.0,12.0,12.0,13.0,13.0,13.269999999999982,14.0,15.0,15.0,15.0,16.0,16.0,17.0,17.0,17.17999999999995,18.0,19.0,20.0,21.0,21.0,22.0,24.0,25.0,26.0,27.0,28.07000000000005,30.0,31.0,33.0,36.02999999999997,41.01999999999998,44.0,0.0,39.0,0.0,61.0,9.0,9.0
0.0,0.0,1.0,1.0,1.0,1.0,2.0,2.0,2.0,2.0,2.0,2.0,2.0,3.0,3.0,3.0,3.0,3.0,3.0,4.0,4.0,4.0,4.0,4.0,4.0,4.0,4.0,5.0,5.0,5.0,5.0,5.0,6.0,6.0,6.0,6.0,6.0,6.0,6.0,7.0,7.0,7.0,7.0,7.0,8.0,8.0,8.0,8.0,8.0,9.0,9.0,9.0,9.0,9.0,9.0,10.0,10.0,10.0,10.0,11.0,11.0,11.0,12.0,12.0,12.0,13.0,13.0,14.0,14.0,15.0,15.0,15.0,16.0,16.0,17.0,17.0,18.0,18.0,19.0,19.0,20.0,20.0,22.0,23.0,23.0,24.139999999999986,25.0,26.0,28.0,29.0,30.0,32.0,33.0,35.0,37.0,39.0,41.02999999999997,44.01999999999998,47.01999999999998,1.0,43.0,0.0,72.0,10.0,10.0
0.0,1.0,1.0,1.0,1.0,2.0,2.0,2.0,2.0,2.0,2.0,2.0,3.0,3.0,3.0,3.0,3.0,4.0,4.0,4.0,4.0,4.0,4.0,5.0,5.0,5.0,5.0,5.0,5.0,5.0,5.0,6.0,6.0,6.0,6.0,6.0,6.0,7.0,7.0,7.0,7.0,7.0,7.0,7.0,8.0,8.0,8.0,8.0,9.0,9.0,9.0,9.480000000000018,10.0,10.0,10.0,11.0,11.0,11.419999999999959,12.0,12.0,12.0,13.0,13.0,13.0,14.0,14.0,15.0,15.0,16.0,17.0,17.0,18.0,18.269999999999982,19.0,20.0,20.0,21.0,21.0,22.0,23.0,24.0,24.0,25.0,26.0,27.0,28.0,29.0,30.120000000000005,31.110000000000014,33.0,35.0,37.0,38.0,41.0,42.049999999999955,45.0,47.0,52.01999999999998,58.00999999999999,1.0,49.02499999999998,0.0,83.0,5.0,5.0
0.0,1.0,1.0,1.0,2.0,2.0,2.0,2.0,2.0,3.0,3.0,3.0,3.0,3.0,4.0,4.0,4.0,4.0,4.0,4.0,5.0,5.0,5.0,5.0,6.0,6.0,6.0,6.0,6.0,6.0,6.0,7.0,7.0,7.0,7.0,7.0,8.0,8.0,8.0,8.0,8.0,9.0,9.0,9.0,9.0,10.0,10.0,10.0,11.0,11.0,11.0,11.0,12.0,12.0,12.0,12.0,13.0,13.0,13.0,14.0,14.0,14.0,15.0,15.0,16.0,17.0,17.0,18.0,18.0,19.0,19.0,20.0,20.0,21.0,22.0,22.0,23.0,24.0,25.0,25.200000000000045,26.0,27.0,28.0,29.0,30.0,31.139999999999986,33.129999999999995,35.0,38.0,41.0,43.0,45.0,46.0,49.0,51.049999999999955,54.0,57.0,61.0,65.00999999999999,1.0,58.02499999999998,0.0,93.0,5.0,5.0
0.9900000000000002,1.0,1.0,1.0,2.0,2.0,2.0,3.0,3.0,3.0,3.0,3.0,4.0,4.0,4.0,4.0,4.0,4.0,5.0,5.0,5.0,5.0,6.0,6.0,6.0,6.0,6.0,6.0,7.0,7.0,7.0,7.0,8.0,8.0,8.0,8.0,8.0,8.0,9.0,9.0,10.0,10.0,10.0,10.0,11.0,11.0,11.0,12.0,12.0,12.0,13.0,13.0,13.0,14.0,14.0,15.0,15.0,16.0,16.0,16.0,17.0,17.0,18.0,18.0,19.0,19.340000000000032,20.0,20.0,21.0,22.0,23.0,23.0,24.0,25.0,25.25,26.0,27.0,28.0,29.0,30.0,31.0,33.0,34.0,35.0,37.0,39.0,40.0,42.0,44.0,46.0,48.0,49.0,52.0,54.0,58.0,60.0,64.0,68.0,74.02999999999997,1.0,65.0,0.0,109.0,5.0,5.0
1.0,1.0,2.0,2.0,2.0,2.0,3.0,3.0,3.0,3.0,4.0,4.0,4.0,4.0,5.0,5.0,5.0,5.0,5.0,6.0,6.0,6.0,6.0,7.0,7.0,7.0,7.0,8.0,8.0,8.0,8.0,8.0,9.0,9.0,9.0,9.0,10.0,10.0,10.0,10.0,11.0,11.0,11.0,12.0,12.0,12.0,13.0,13.0,13.0,14.0,14.0,15.0,15.0,16.0,16.0,17.0,17.0,18.0,18.0,18.0,19.0,19.0,19.370000000000005,20.0,21.0,21.0,22.0,23.0,23.0,24.0,25.0,26.0,27.0,28.0,29.0,30.0,31.230000000000018,33.0,33.210000000000036,36.0,37.0,38.0,39.16999999999996,41.0,43.0,45.0,47.129999999999995,49.0,50.110000000000014,53.0,56.0,61.0,66.0,68.05999999999995,71.0,74.0,77.05999999999995,83.01999999999998,91.00999999999999,1.0,80.0,0.0,138.0,5.0,5.0
1.0,1.0,2.0,2.0,2.0,3.0,3.0,3.9200000000000017,4.0,4.0,4.0,4.0,4.0,5.0,5.0,5.0,5.8300000000000125,6.0,6.0,6.0,7.0,7.0,7.0,7.0,7.0,8.0,8.0,8.0,9.0,9.0,9.0,9.0,10.0,10.0,10.0,11.0,11.0,12.0,12.0,12.0,13.0,13.0,13.0,14.0,14.0,14.0,15.0,15.0,16.0,16.0,17.0,17.0,17.0,18.0,19.0,19.0,20.0,20.0,21.0,22.0,22.0,23.0,23.0,24.0,24.350000000000023,25.0,26.0,27.0,27.0,28.0,28.0,29.0,30.0,31.25999999999999,33.0,34.0,36.0,37.0,38.0,40.0,42.0,43.0,45.0,46.15999999999997,49.0,51.0,54.0,56.0,59.0,64.0,65.0,69.08000000000004,73.0,75.05999999999995,79.0,83.03999999999996,89.0,98.01999999999998,107.0,1.0,91.07499999999993,0.0,151.0,11.0,11.0
1.0,2.0,2.0,2.0,3.0,3.0,3.0,4.0,4.0,4.0,5.0,5.0,5.0,6.0,6.0,6.0,6.0,7.0,7.0,7.0,8.0,8.0,8.0,9.0,9.0,9.0,10.0,10.0,10.0,10.0,10.689999999999998,11.0,11.0,11.0,12.0,12.0,12.0,13.0,13.0,14.0,14.0,14.0,15.0,15.0,16.0,16.0,17.0,17.0,17.0,18.0,18.49000000000001,19.0,20.0,20.0,21.0,21.0,22.0,23.0,23.0,24.0,25.0,25.0,26.0,26.0,27.0,28.0,29.0,31.0,31.0,32.0,33.0,35.0,35.0,37.0,38.0,39.0,41.0,43.0,44.210000000000036,47.0,49.0,51.0,54.0,55.15999999999997,58.0,60.0,62.0,64.0,68.0,70.0,75.0,80.0,83.07000000000005,87.0,89.09999999999991,94.0,103.02999999999997,110.0,122.0,2.0,105.0,0.0,234.0,6.0,6.0
1.0,2.0,2.0,3.0,3.0,3.0,4.0,4.0,4.909999999999997,5.0,5.0,6.0,6.0,6.0,6.0,7.0,7.0,8.0,8.0,8.0,8.789999999999992,9.0,9.0,10.0,10.0,10.0,11.0,11.0,11.0,12.0,12.0,12.0,13.0,13.0,13.0,14.0,14.0,14.0,15.0,15.0,16.0,16.0,17.0,17.0,18.0,19.0,19.0,20.0,21.0,21.0,22.0,22.0,23.0,24.0,24.0,25.0,26.0,27.0,27.0,28.0,30.0,30.0,31.0,31.360000000000014,33.0,34.0,35.0,36.0,37.0,38.0,39.0,41.0,42.0,43.0,45.0,47.0,48.0,51.0,52.0,53.0,56.0,58.0,62.0,65.15999999999997,69.0,72.0,73.13,77.0,85.11000000000001,88.0,91.0,94.08000000000004,102.0,106.0,111.0,116.11999999999989,125.02999999999997,133.03999999999996,145.03999999999996,2.0,130.02499999999998,0.0,220.0,3.0,3.0
1.0,2.0,3.0,3.0,4.0,4.0,4.930000000000007,5.0,5.0,6.0,6.0,6.0,7.0,7.0,7.0,8.0,8.0,9.0,9.0,9.800000000000011,10.0,10.0,10.0,11.0,11.0,11.0,12.0,12.0,13.0,13.0,14.0,14.0,15.0,15.0,16.0,16.0,17.0,17.0,17.0,18.0,18.0,19.0,19.0,20.0,20.0,21.0,22.0,22.519999999999982,23.0,24.0,25.0,26.0,26.0,27.0,28.0,28.0,29.0,30.41999999999996,32.0,32.0,33.0,35.0,35.370000000000005,37.0,38.0,39.0,41.0,42.0,43.0,43.299999999999955,45.0,47.0,49.0,50.0,52.0,54.0,56.0,61.0,63.0,65.0,67.0,70.0,73.0,75.0,77.14999999999998,80.0,83.0,91.0,95.11000000000001,100.0,103.09000000000003,110.0,114.21000000000015,121.0,126.0,134.0,140.0,153.0,170.01,2.0,143.14999999999986,0.0,264.0,9.0,9.0
1.0,2.0,3.0,3.0,4.0,4.939999999999998,5.0,5.0,6.0,6.0,7.0,7.8799999999999955,8.0,8.0,9.0,9.0,10.0,10.0,10.0,11.0,11.0,12.0,12.0,13.0,13.0,13.0,14.0,14.0,15.0,15.0,16.0,16.0,17.0,17.0,18.0,19.0,19.629999999999995,20.0,20.0,21.0,22.0,22.0,23.0,23.0,24.0,25.0,25.0,26.0,27.0,27.0,28.0,29.0,30.470000000000027,32.0,33.0,34.0,35.0,36.0,37.0,37.0,39.0,40.0,41.0,42.0,44.0,46.0,47.0,48.0,50.309999999999945,53.0,55.0,56.0,59.0,61.0,63.0,65.24000000000001,67.0,70.0,71.0,76.0,78.0,82.0,85.0,90.0,93.14999999999998,97.13999999999999,100.25999999999999,109.0,115.0,122.0,125.09000000000003,132.0,136.07000000000005,146.05999999999995,157.04999999999995,163.03999999999996,169.05999999999995,187.05999999999995,211.0,2.0,177.02499999999998,0.0,306.0,5.0,5.0
